id,domain,status,purchase_price,renewal_price,attractiveness,demand,length,registrar,created_at,expires_at,status_verified_at
f67fa68f-6cde-486f-8ea4-d0aa1951333d,geriatric.pizza,available,5.98,83.98,medium,low,9,namecheap,,,18/08/2026 22:42
0096f342-cd33-42b8-afaa-27325486e1aa,spiny.pizza,available,5.98,83.98,medium,low,5,namecheap,,,08/08/2026 17:49
b98c0526-42f2-4823-858b-65e0e0179b5c,droning.pizza,available,5.98,83.98,medium,low,7,namecheap,,,25/08/2026 05:28
1421259f-882f-4705-adae-68dd7c1a13c7,costs.pizza,available,17.99,64.99,high,low,5,namesilo,,,29/09/2026 11:44
99a1212a-2b4e-4655-bba5-0b1074637db0,chow.pizza,available,50.2,50.2,high,low,4,cloudflare,,,29/09/2026 00:25
afb381b8-e46d-4192-ad4a-6ebb8c1739ae,anther.pizza,available,17.99,64.99,medium,low,6,namesilo,,,19/09/2026 13:08
14c2c0dd-5a5c-422d-954e-94181098abcd,xlvii.pizza,available,5.98,83.98,medium,low,5,namecheap,,,
dd7dd203-47d9-4337-bfb9-94ab4b41eda3,wetlands.pizza,available,17,,medium,low,8,unstoppable,,,30/09/2026 14:22
cf34e96b-3f64-483c-a2bf-3ff87740258c,indulgent.pizza,available,5.98,83.98,high,low,9,namecheap,,,22/08/2026 03:33
6f4a9095-5976-40e0-9fc6-851ef2c6571d,presently.pizza,available,17.99,64.99,medium,low,9,namesilo,,,28/09/2026 13:26
4429ab89-3fda-4ffa-85a5-a4d7624a5587,duodenal.pizza,available,5.98,83.98,medium,low,8,namecheap,,,14/08/2026 21:21
dcd7d402-f40d-433d-88b8-9bbf4031fc32,slacking.pizza,available,5.38,51.95,medium,low,8,spaceship,,,29/09/2026 20:57
ef565618-e08e-496e-be4a-7783906ef495,unwitting.pizza,available,5.98,83.98,medium,low,9,namecheap,,,12/09/2026 14:24
2058e66b-a1f9-44ac-94af-3518e6603799,bulbs.pizza,available,10.81,52.01,medium,low,5,porkbun,,,30/09/2026 06:36
8c7724b2-f714-467d-a78b-50964d6b3b87,macomb.pizza,available,5.38,51.95,medium,low,6,spaceship,,,30/09/2026 05:38
dc51b6c6-4f60-495d-9940-4a4f0123f380,scads.pizza,available,5.98,83.98,high,low,5,namecheap,,,14/09/2026 23:36
f06842d9-a94e-4ef3-b0b9-1058507bd2b2,trailer.pizza,available,5.98,83.98,high,low,7,namecheap,,,22/08/2026 18:43
8ced8b48-c317-4dfb-9bef-db78d8fd94b9,aar.pizza,available,17.99,64.99,medium,low,3,namesilo,,,16/09/2026 13:19
1c30fec7-b4e3-43e7-9ee6-d920fec45c22,aficionado.pizza,available,17.99,64.99,high,low,10,namesilo,,,17/09/2026 15:01
748d299b-dc69-4075-98f9-05bf112697d1,anaglyph.pizza,available,17.99,64.99,medium,low,8,namesilo,,,19/09/2026 01:21
3c1f701b-2358-4cfd-af8e-a025bdc37beb,ballplayer.pizza,available,5.98,83.98,high,low,11,namecheap,,,21/09/2026 23:25
cd1e1cd9-c0d9-408d-8b36-25580e0e7415,arlington.pizza,premium,78.54,78.54,medium,low,9,namesilo,,,20/09/2026 06:16
739fd252-d9bb-4ae0-a0f8-29a61c71d0f5,lng.pizza,available,5.38,51.95,high,low,3,spaceship,,,28/09/2026 13:00
b04c3c78-1052-43b6-ba2c-1adcec7da40f,zealously.pizza,available,5.98,83.98,medium,low,9,namecheap,,,16/09/2026 11:50
2378d29e-c202-4b7a-8ccd-d58e5d2cb748,distance.pizza,available,5.38,51.95,high,low,8,spaceship,,,28/09/2026 20:43
f3833078-5993-487b-a623-52b25e14dfd8,maintained.pizza,available,17.99,64.99,high,low,10,namesilo,,,25/09/2026 12:29
8f11c7bc-48d2-414f-8299-a83e5c83f2f0,emboldened.pizza,available,5.98,83.98,medium,low,10,namecheap,,,16/08/2026 10:22
8104356c-cb9a-4f9e-869e-6a3988df00a1,infected.pizza,available,5.98,83.98,high,low,8,namecheap,,,22/08/2026 04:09
764c6c4c-04fb-4194-8697-f91accd50778,sigurd.pizza,available,17.99,64.99,medium,low,6,namesilo,,,30/09/2026 02:51
f17e963b-489d-4b8c-b297-485da02261b9,bearnaise.pizza,available,5.98,83.98,high,low,9,namecheap,,,22/09/2026 21:23
a29c0253-c60e-4714-81eb-33744e58a862,survey.pizza,available,17.99,64.99,high,low,6,namesilo,,,30/09/2026 09:59
c086e29e-cd8e-46c6-b1e8-89b9dd6cf2b6,flak.pizza,available,5.98,83.98,medium,low,4,namecheap,,,
c8c210ef-5ce1-41f4-a562-1315b0e59a75,diseases.pizza,available,17.99,64.99,low,low,8,namesilo,,,17/09/2026 16:41
d9aa3165-5485-42fc-b913-2031e20e85b7,exercising.pizza,available,5.98,83.98,high,low,10,namecheap,,,29/09/2026 18:30
dacb0899-2647-4afa-a1fa-6f72d7f842e5,ambient.pizza,available,5.98,83.98,high,low,7,namecheap,,,
99db31dd-83ba-4a6f-ad8c-d5c0c59d8728,jackfruit.pizza,available,17.99,64.99,high,low,9,namesilo,,,20/09/2026 11:58
d7ba0ed4-9139-4c85-b6d0-d83980bd7742,wastewater.pizza,available,5.98,83.98,medium,low,10,namecheap,,,15/08/2026 15:34
2e898be0-06c7-4769-92f0-b913998f6c0f,winters.pizza,available,5.38,51.95,high,low,7,spaceship,,,28/09/2026 22:16
7d6255fe-f168-4258-b7a3-6d8c2582dbe3,snakebird.pizza,available,5.98,83.98,medium,low,9,namecheap,,,19/09/2026 08:17
18081170-546e-45ca-bb31-d27a7c31d84a,giver.pizza,available,17.99,64.99,high,low,5,namesilo,,,23/09/2026 10:44
d53617e4-1631-46bf-afc0-969efcb05838,gillette.pizza,available,5.38,51.95,high,low,8,spaceship,,,28/09/2026 05:50
89649ba1-eb34-4a28-aeab-7972d8d97e9d,spangled.pizza,available,5.98,83.98,high,low,8,namecheap,,,18/08/2026 21:17
8994bc13-6d1a-4815-8a9d-6840a8209a61,assistants.pizza,available,10.81,52.01,medium,low,10,porkbun,,,29/09/2026 05:42
4c7f75e9-08e4-4168-8038-7d07a5dd6dd7,lands.pizza,available,5.98,83.98,medium,low,5,namecheap,,,28/09/2026 04:27
d451e4c4-fd28-4d0a-922f-1765aa042459,nikolai.pizza,available,50.2,50.2,high,low,7,cloudflare,,,27/09/2026 20:11
2c0f2564-0761-4619-99f1-4cb0b74f3545,phenomena.pizza,available,10.81,52.01,medium,low,9,porkbun,,,29/09/2026 22:50
91aa315f-8c97-4f35-92b0-49f22a21ff23,aquino.pizza,available,17.99,64.99,medium,low,6,namesilo,,,28/09/2026 22:09
790e23de-7f84-4cd6-bd9e-7be6f0feb75f,michelangelo.pizza,available,5.98,83.98,high,low,12,namecheap,,,30/09/2026 21:07
23d6f4eb-fd51-4f32-a8ca-3d86984d5156,bury.pizza,available,17.99,64.99,high,low,4,namesilo,,,30/09/2026 16:51
d442870d-856f-438a-ac01-4de3fa3a9daf,types.pizza,available,5.98,83.98,high,low,5,namecheap,,,18/09/2026 16:19
82041a8f-9e73-4898-9a20-843ce31b1426,raises.pizza,available,17.99,64.99,medium,low,6,namesilo,,,29/09/2026 10:51
76e75404-fd97-48c7-87e7-b842cb9ff569,abnormal.pizza,available,17.99,64.99,high,low,8,namesilo,,,21/09/2026 14:04
e027f83b-cfe0-4abe-872f-83e1decd8b4e,nominees.pizza,available,17,,medium,low,8,unstoppable,,,30/09/2026 16:22
d053683f-515a-4266-b428-acd9bec27d87,somaliland.pizza,available,17.99,64.99,medium,low,10,namesilo,,,29/09/2026 09:30
9f0a061f-2cbe-4eea-8384-aa484a7326cc,kanawha.pizza,available,17.99,64.99,medium,low,7,namesilo,,,29/09/2026 01:29
0f2fc30e-bdcb-47aa-a711-1010e181a8aa,missed.pizza,available,5.98,83.98,medium,low,6,namecheap,,,25/08/2026 01:45
e0b3c29a-f2cf-4a1f-a424-7a619c2a590c,nonfat.pizza,available,5.98,83.98,high,low,6,namecheap,,,17/08/2026 23:23
c57f6ef1-a820-4912-87ec-00ab076bc6b6,comedian.pizza,available,5.98,83.98,high,low,8,namecheap,,,23/09/2026 15:26
59592681-7c94-4071-ad23-a5e4ad956702,clueless.pizza,available,5.98,83.98,medium,low,8,namecheap,,,12/08/2026 13:05
3f85b6c2-476e-47c9-8275-f7ba86b92dba,grudging.pizza,available,5.98,83.98,medium,low,8,namecheap,,,20/08/2026 20:31
0178d142-b3f8-44cf-b2c2-3ed0c5dc2606,wilted.pizza,available,5.98,83.98,medium,low,6,namecheap,,,23/08/2026 13:24
bcb0e09f-f329-437b-b176-be98a2eec51f,foe.pizza,available,5.98,83.98,medium,low,3,namecheap,,,29/09/2026 18:55
63cdc65c-c42d-49be-900a-fbb2d70f37a1,situations.pizza,available,17.99,64.99,medium,low,10,namesilo,,,28/09/2026 04:50
1a7f1dbb-5a0e-47d8-8d71-89a3842fda85,considered.pizza,available,5.98,83.98,high,low,10,namecheap,,,23/09/2026 20:51
f43a842c-95da-4b77-9f88-f4de940482d4,lawless.pizza,available,5.98,83.98,medium,low,7,namecheap,,,
d50fb5de-f22c-4bda-ba17-9a20d66bd23e,katy.pizza,available,5.38,51.95,high,low,4,spaceship,,,01/10/2026 22:40
4d631435-33e7-4c20-8961-474b8fccbf25,elliptic.pizza,available,5.98,83.98,high,low,8,namecheap,,,15/08/2026 17:59
abe6d8c0-0a08-4951-90f5-b3fbf109a568,nsf.pizza,available,17.99,64.99,high,low,3,namesilo,,,28/09/2026 10:31
697ee9f6-c4ca-413f-82d8-95592693cf38,scalene.pizza,available,5.98,83.98,medium,low,7,namecheap,,,09/09/2026 22:25
40b4cb27-ca2d-445b-b666-ba36bf9331bb,leuven.pizza,available,17.99,64.99,medium,low,6,namesilo,,,29/09/2026 15:09
aa76e1d2-4f47-411f-987d-db2123deabd4,colonial.pizza,available,5.98,83.98,high,low,8,namecheap,,,12/08/2026 17:20
3baa1451-394f-479e-b5c7-907f1c58a3b6,badmouth.pizza,available,5.98,83.98,medium,low,8,namecheap,,,24/08/2026 14:04
2a61ed8e-b3aa-4ca4-982a-4543fe48553b,ingenuous.pizza,available,5.98,83.98,medium,low,9,namecheap,,,06/08/2026 23:41
bf1e6771-8721-434a-954e-128d4dc5aa92,foothold.pizza,available,17.99,64.99,high,low,8,namesilo,,,24/09/2026 10:16
e4ee2c58-a340-4a40-a847-6784b80ea5f6,sensing.pizza,available,50.2,50.2,high,low,7,cloudflare,,,29/09/2026 14:15
36251677-f4c0-49ed-afe8-8f2c01c0cb29,lachlan.pizza,available,17.99,64.99,medium,low,7,namesilo,,,02/10/2026 04:04
ffc33875-184a-4742-a3e3-753e8a0ed90e,language.pizza,available,17.99,64.99,high,low,8,namesilo,,,25/09/2026 15:54
b44d8be9-fb6f-4681-af8d-34737b2645ad,antiquary.pizza,available,5.98,83.98,medium,low,9,namecheap,,,
ecdcaa6b-6a49-4e9a-8637-1dd79a95ce0a,major.pizza,available,5.98,83.98,high,low,5,namecheap,,,25/09/2026 16:14
3760852a-208f-4402-b488-427a5306b30c,sightseeing.pizza,available,5.98,83.98,high,low,11,namecheap,,,30/09/2026 14:59
ebe6090e-6697-41ed-abb4-4b67cde0bfee,ahuh.pizza,available,5.38,51.95,medium,low,4,spaceship,,,02/10/2026 04:54
52a68585-6aac-4ee6-8342-daef23c19a3b,necked.pizza,available,5.98,83.98,medium,low,6,namecheap,,,03/09/2026 14:40
8bddeb61-1f2a-4e8d-9eb6-0f3ef5c7b8f3,equivalent.pizza,available,17.99,64.99,high,low,10,namesilo,,,24/09/2026 14:50
35a40109-3d4f-4983-9539-06d480e0c5de,aliquot.pizza,available,5.98,83.98,high,low,7,namecheap,,,
53b4e77e-e614-4db0-b6ee-f2458a6f1697,unlikeable.pizza,available,5.98,83.98,medium,low,10,namecheap,,,12/09/2026 00:56
45af84f4-a30c-490c-8d8c-111f1931a9b0,aligned.pizza,available,5.98,83.98,high,low,7,namecheap,,,
e42d025b-4ebb-4e36-b475-ecf20145dae4,vessel.pizza,available,5.98,83.98,high,low,6,namecheap,,,27/09/2026 16:11
df6eb199-fb38-4065-8ecd-1eeee8b3be6b,semipublic.pizza,available,5.98,83.98,medium,low,10,namecheap,,,10/09/2026 03:17
0db9a66f-5a1b-4cbe-a9b9-82cb4f59374d,latakia.pizza,available,5.98,83.98,medium,low,7,namecheap,,,18/09/2026 01:28
84801a66-9b8b-4c11-b3db-d87b3b31ae12,unpublished.pizza,available,5.38,51.95,medium,low,11,spaceship,,,02/10/2026 01:35
e2b7d90f-830a-4122-8a3f-2fbb39e6e9d5,stumpy.pizza,available,5.98,83.98,medium,low,6,namecheap,,,24/08/2026 10:40
f2a7b9b8-41aa-4cdc-8a81-7a63db677d38,dependable.pizza,available,5.98,83.98,high,low,10,namecheap,,,14/08/2026 02:04
c55d5c4f-7ebd-4fc2-bc86-6b071a00c67c,xiv.pizza,available,17.99,64.99,high,low,3,namesilo,,,21/09/2026 11:42
c4392ec9-ee88-42c5-964b-945a1cbfd120,blaise.pizza,available,17.99,64.99,medium,low,6,namesilo,,,30/09/2026 13:38
d7fd7ee7-b13f-4924-84e2-b26252f1acb7,improved.pizza,available,5.98,83.98,high,low,8,namecheap,,,21/08/2026 23:15
238102bb-401d-4401-9036-db76fd9cb329,nucleate.pizza,available,5.98,83.98,medium,low,8,namecheap,,,03/09/2026 22:24
fe00d59c-466f-435b-92b4-57856a3a97fb,timed.pizza,available,5.98,83.98,high,low,5,namecheap,,,11/09/2026 16:00
d6100d67-db67-41bd-826f-3b9fbe66e95f,phocine.pizza,available,5.98,83.98,medium,low,7,namecheap,,,08/09/2026 18:58
152715ac-605a-4268-b117-371a8be0c026,leap.pizza,available,17.99,64.99,high,medium,4,namesilo,,,30/09/2026 01:39
4a2f5262-1d5a-4e38-9703-8aced96b440c,rebellion.pizza,available,17,,high,low,9,unstoppable,,,30/09/2026 00:15
41d813f4-c01b-4a0d-8da6-dce23c1802eb,spf.pizza,available,5.38,51.95,high,low,3,spaceship,,,30/09/2026 17:23
63619582-1ec1-4fcb-b342-456209dd2469,kurakkan.pizza,available,17.99,64.99,medium,low,8,namesilo,,,17/09/2026 15:21
bb2e6ee0-6587-4bf0-bec4-5c631c183bda,icily.pizza,available,5.98,83.98,low,low,5,namecheap,,,15/09/2026 01:36
491fdd2f-0397-4594-beb0-a2aaa50e0b0b,drunken.pizza,available,5.98,83.98,medium,low,7,namecheap,,,09/08/2026 19:02
bd095373-502d-4a67-b357-3621d3f26659,placid.pizza,available,5.98,83.98,high,low,6,namecheap,,,17/08/2026 14:50
0acb96e1-a435-4450-9d47-31a9dcfbd287,liaison.pizza,available,17.99,64.99,high,low,7,namesilo,,,17/09/2026 14:03
c008880f-2576-4888-8516-0fc2a17a919d,glum.pizza,available,5.98,83.98,medium,low,4,namecheap,,,20/08/2026 14:57
2614a92a-155b-49bc-b406-34c0d709375e,armor.pizza,available,17.99,64.99,high,low,5,namesilo,,,20/09/2026 07:21
972b578d-abbd-431a-8e22-23f7f8f5ca5f,confucian.pizza,available,5.98,83.98,high,low,9,namecheap,,,12/08/2026 21:15
896b1374-00fe-476b-a0d9-833c1f24d96f,trout.pizza,available,50.2,50.2,high,low,5,cloudflare,,,28/09/2026 06:50
13d3e0c6-00f5-4845-aa79-5da30ddfb3a5,surroundings.pizza,available,50.2,50.2,high,low,12,cloudflare,,,01/10/2026 17:40
a2ea60d0-c6c9-4f9d-a1f0-4305025981f6,uniting.pizza,available,17.99,64.99,high,low,7,namesilo,,,18/09/2026 15:39
d8b450c3-923a-40d6-8ce1-ee27c2a74018,reptiles.pizza,available,5.98,83.98,medium,low,8,namecheap,,,30/09/2026 14:47
1ee32a82-b9f0-4aa1-af9f-fc3d9ad504c9,ordering.pizza,available,5.38,51.95,high,low,8,spaceship,,,27/09/2026 15:05
2862ebe1-16c6-46ab-941a-8d21b2397ac8,manure.pizza,available,17.99,64.99,high,low,6,namesilo,,,30/09/2026 10:32
6ccebfc2-67a4-4c0a-80cb-697d3d4c8ce5,aurally.pizza,available,5.98,83.98,medium,low,7,namecheap,,,13/09/2026 22:46
218d8e17-2ca2-40ac-a862-ad0776e424e7,midget.pizza,available,5.98,83.98,high,low,6,namecheap,,,08/08/2026 14:19
aca172f9-5d5e-4eb0-8100-34d0d96e485e,cider.pizza,available,50.2,50.2,high,low,5,cloudflare,,,29/09/2026 06:22
22ba6b61-6f7e-4775-87cd-aa71fb43f77d,percentage.pizza,available,17.99,64.99,high,low,10,namesilo,,,28/09/2026 15:02
f3cd108a-bf15-486a-a6c0-9da8809128b5,finch.pizza,available,10.81,52.01,high,low,5,porkbun,,,29/09/2026 06:55
9d2d206e-e1ab-4d84-adee-5fd6fa28b381,booklet.pizza,available,17.99,64.99,high,low,7,namesilo,,,24/09/2026 07:06
7d063728-cb69-43d0-baf0-301bc340fe6a,absence.pizza,available,17,,medium,low,7,unstoppable,,,28/09/2026 17:04
f377ac85-b8d4-451a-8345-a7dfe3cd19e5,inhabitants.pizza,available,17,,medium,low,11,unstoppable,,,29/09/2026 23:30
70c612bf-f6ad-4411-8055-8554b4f5e685,shirt.pizza,available,50.2,50.2,high,low,5,cloudflare,,,30/09/2026 11:09
badb9243-e8ea-4e08-9d04-d856102da745,consecrate.pizza,available,5.98,83.98,high,low,10,namecheap,,,12/08/2026 22:25
8d63b18c-e7d6-4247-b455-a50c37c577a0,tentacles.pizza,available,5.38,51.95,medium,low,9,spaceship,,,02/10/2026 03:57
fd6e6421-7e5b-4423-ba36-14516c0963fc,cpc.pizza,premium,68.51,68.51,high,low,3,spaceship,,,28/09/2026 16:33
59452248-2481-43e1-826f-3c78947039a1,poisoning.pizza,available,17.99,64.99,medium,low,9,namesilo,,,30/09/2026 00:17
51e78d4a-2410-4576-8919-775946385839,entity.pizza,available,10.92,53.72,high,low,6,dynadot,,,29/09/2026 02:32
05a6771f-ef23-46be-9795-8b747b8e369d,hayden.pizza,available,17.99,64.99,high,low,6,namesilo,,,25/09/2026 15:33
dc014f51-ebbe-4241-81e0-99ffc81494aa,endogenous.pizza,available,5.98,83.98,medium,low,10,namecheap,,,17/08/2026 01:15
a72042bb-797a-4aa2-acf1-65c77a7ed4a6,meaningful.pizza,available,5.98,83.98,high,low,10,namecheap,,,25/09/2026 18:37
6287aaf1-e9f0-4fcc-b85b-35ddc34d2ca9,compulsive.pizza,available,5.98,83.98,high,low,10,namecheap,,,12/08/2026 19:40
facae98b-fcd2-467f-9e53-039721de356e,administer.pizza,available,10.92,53.72,high,low,10,dynadot,,,29/09/2026 14:10
a6e69a1b-a773-475f-b841-8289938bcf1b,judicial.pizza,available,5.98,83.98,high,low,8,namecheap,,,22/08/2026 14:14
5a7b0561-4977-441d-84bb-7ed9fac41b5e,anaphora.pizza,available,17.99,64.99,medium,low,8,namesilo,,,19/09/2026 02:13
8e705f97-b4f4-4ded-8d38-705d1a224fd8,fes.pizza,available,5.38,51.95,high,low,3,spaceship,,,30/09/2026 09:38
b2526691-1f50-4257-9688-fa8c8a6762b1,mongoloid.pizza,available,5.98,83.98,medium,low,9,namecheap,,,25/08/2026 04:49
7a47f3c1-eaa4-4db2-8f96-c24f9926689e,offers.pizza,premium,78.54,78.54,high,low,6,namesilo,,,27/09/2026 23:51
d3083186-cd85-4d43-b431-dda400349d3d,terminally.pizza,available,5.98,83.98,medium,low,10,namecheap,,,16/09/2026 08:25
b33f7567-90fb-4884-9a16-d82d46f62544,grecian.pizza,available,5.98,83.98,high,low,7,namecheap,,,20/08/2026 19:44
cf76e732-477b-43ce-9eaa-632339cc9f82,adjunction.pizza,available,5.98,83.98,medium,low,10,namecheap,,,17/09/2026 08:25
522f15a2-664f-4ed3-b219-46da828475bd,leather.pizza,available,50.2,50.2,high,low,7,cloudflare,,,30/09/2026 02:35
4e9b3399-3ddb-4cba-9af9-bf92b432634a,dreaded.pizza,available,5.98,83.98,medium,low,7,namecheap,,,14/08/2026 08:53
87f7111d-c705-4ae6-b21a-15b5ed1a2abf,harmon.pizza,available,17.99,64.99,high,low,6,namesilo,,,27/09/2026 07:57
95573ffa-1249-4b16-a79f-a39f6483c36e,tricolor.pizza,available,5.98,83.98,medium,low,8,namecheap,,,11/09/2026 19:26
1953f400-3d46-4623-999d-336af5d491eb,sindh.pizza,available,17.99,64.99,medium,low,5,namesilo,,,30/09/2026 13:12
b4b269e9-b858-4c93-a76d-dca4b79eaf37,ganesh.pizza,available,50.2,50.2,high,low,6,cloudflare,,,02/10/2026 04:59
87677738-4995-4fab-b191-22b02a38c5f5,databases.pizza,available,17.99,64.99,medium,low,9,namesilo,,,30/09/2026 15:32
1a7fcbc3-0903-4a44-8912-ab683349d2a4,brassy.pizza,available,5.98,83.98,medium,low,6,namecheap,,,11/08/2026 02:33
d7b81aac-0410-466a-babd-4cacf248ca63,hypotonic.pizza,available,5.98,83.98,medium,low,9,namecheap,,,21/08/2026 17:19
5c6f41bc-3368-46aa-abb5-000692d4c9cd,rowland.pizza,available,17.99,64.99,high,low,7,namesilo,,,25/09/2026 15:13
b49e21e2-0aed-4bcc-b6a7-a03d8c028748,fainting.pizza,available,17.99,64.99,medium,low,8,namesilo,,,01/10/2026 22:58
ad436ca5-de24-4268-90ab-4b9ed729e7e6,subsaharan.pizza,available,17.99,64.99,medium,low,11,namesilo,,,30/09/2026 12:27
c3aa6091-c6f5-45f5-b007-2d214ffdaac8,haughty.pizza,available,5.98,83.98,medium,low,7,namecheap,,,21/08/2026 01:24
ea2a6f7e-985d-4c77-8d99-13c1b03c1e44,warmed.pizza,available,5.98,83.98,high,low,6,namecheap,,,13/09/2026 08:22
04abd3e3-3878-4859-8e96-b827937ddc00,mirror.pizza,available,5.38,51.95,high,low,6,spaceship,,,30/09/2026 04:41
4c6b366b-2b61-419d-b7bb-5745c990ec6c,digitally.pizza,available,17,51.95,high,low,9,unstoppable,,,01/10/2026 20:08
10105887-9496-4fb1-8f7f-08a340b342d4,loading.pizza,available,17.99,64.99,high,low,7,namesilo,,,24/09/2026 12:57
27b05dd4-04c7-41aa-946a-76d731c57592,score.pizza,available,5.38,51.95,high,low,5,spaceship,,,27/09/2026 18:29
4ee091e1-f541-48a8-9551-c22bae2b6fba,humanely.pizza,available,5.98,83.98,medium,low,8,namecheap,,,15/09/2026 01:17
ca3b9daa-e016-47ce-a564-ae6b16d8068a,inland.pizza,available,5.98,83.98,high,low,6,namecheap,,,22/08/2026 05:49
ae72acf8-c3cb-4dd1-9e08-c5b9edcbc804,vampires.pizza,available,17.99,64.99,medium,low,8,namesilo,,,28/09/2026 13:22
4373b4a0-b8a9-4c5f-ad94-635c0ec297b8,pentium.pizza,available,17.99,64.99,high,low,7,namesilo,,,01/10/2026 11:44
7653752f-e2ef-4631-ba4d-ad541be4c9c0,aside.pizza,available,5.38,51.95,high,low,5,spaceship,,,28/09/2026 12:23
d8cac743-af0f-4cd4-9c95-884992abdc89,oldenburg.pizza,available,5.38,51.95,medium,low,9,spaceship,,,29/09/2026 06:22
37941a45-8f42-47f7-9d44-8f823db7399e,blather.pizza,available,5.98,83.98,medium,low,7,namecheap,,,24/09/2026 04:46
5c0a44bd-098c-4020-a3a7-3903286b5e50,definitions.pizza,available,17.99,64.99,medium,low,11,namesilo,,,01/10/2026 16:52
11bdc22e-1b42-4c49-9cd6-2f1ecdaebb6d,rippled.pizza,available,5.98,83.98,medium,low,7,namecheap,,,13/08/2026 06:53
1d019d4b-75f4-43e5-92c2-7f343f3767ff,shopworn.pizza,available,5.98,83.98,low,low,8,namecheap,,,08/08/2026 11:06
d45a4eb2-00d9-44ce-a67d-73f65acba253,mundane.pizza,available,5.98,83.98,high,low,7,namecheap,,,17/08/2026 14:55
e44d3e17-02d9-40a9-8b98-f3fec6dff801,excavation.pizza,available,17.99,64.99,high,low,10,namesilo,,,20/09/2026 01:55
1c8ae289-9c02-44bb-a80b-58c857057eb7,astronomy.pizza,available,5.98,83.98,high,low,9,namecheap,,,20/09/2026 18:10
c4c56472-6ebc-46e1-9d84-30fd254b2b39,unclaimed.pizza,available,5.98,83.98,medium,low,9,namecheap,,,12/09/2026 05:13
8e61bb90-f7eb-402b-abe6-9af6691b91f1,unforeseen.pizza,available,5.98,83.98,high,low,10,namecheap,,,04/09/2026 18:50
83c6b67f-dc19-4f33-bd3e-85ea6bf107af,zealot.pizza,available,5.98,83.98,medium,low,6,namecheap,,,08/09/2026 02:10
9590c77c-be03-4599-ac04-b6c7e8a3b796,ague.pizza,available,5.98,83.98,medium,low,4,namecheap,,,
df8c71ad-e565-430d-a982-ede60aee34d5,ignition.pizza,available,5.38,51.95,high,low,8,spaceship,,,28/09/2026 10:06
eff48fd7-d2ab-47ef-a682-e3f82c467712,passes.pizza,available,5.98,83.98,medium,low,6,namecheap,,,27/09/2026 02:49
d6123541-4672-4436-af43-c87cb9e86cb9,catclaw.pizza,available,17.99,64.99,medium,low,7,namesilo,,,23/09/2026 23:59
a4f066f0-9736-4e0a-9a6c-ded846f3a3a3,headlong.pizza,available,5.98,83.98,medium,low,8,namecheap,,,21/08/2026 01:16
e3a3417a-cc9f-434e-9954-10cab2050337,stalwart.pizza,available,5.98,83.98,high,low,8,namecheap,,,21/08/2026 00:53
204aa51f-0261-494f-8265-0556a8301cf2,arulo.pizza,available,17.99,64.99,medium,low,5,namesilo,,,20/09/2026 12:11
60e0fbe1-13ae-49e8-8f70-425b690eaf0a,reads.pizza,available,17.99,64.99,medium,low,5,namesilo,,,19/09/2026 00:45
ab8393c8-caf0-440d-9b04-0c08ee372161,smartness.pizza,available,5.98,83.98,high,low,9,namecheap,,,12/08/2026 04:49
5a50f09a-48c0-41ab-bcf7-68522a6842cd,menacingly.pizza,available,5.98,83.98,medium,low,10,namecheap,,,15/09/2026 14:03
a7f34559-1391-4b3b-a9d6-735cda8c8a9c,printers.pizza,available,17.99,64.99,medium,low,8,namesilo,,,21/09/2026 00:30
82f81f56-24ca-4964-8659-2abadf4f6c19,innermost.pizza,available,5.98,83.98,medium,low,9,namecheap,,,22/08/2026 05:53
cc498f63-cab2-4c66-8585-ab05a851c5c3,cheering.pizza,available,5.98,83.98,high,low,8,namecheap,,,12/08/2026 03:45
2dea771b-aeff-4fd5-adb1-31fa33db2d83,banner.pizza,available,5.98,83.98,high,low,6,namecheap,,,08/08/2026 13:53
85da5328-8948-4d88-a08c-39a86ec3b682,equanimous.pizza,available,5.98,83.98,medium,low,10,namecheap,,,17/08/2026 11:37
21024b7f-d820-4d73-bdb4-91a5653a69ed,bookstore.pizza,available,17.99,64.99,high,low,9,namesilo,,,24/09/2026 07:17
2c4a4954-148d-4d0c-bda8-c7b92cd790ce,extralegal.pizza,available,5.98,83.98,medium,low,10,namecheap,,,17/08/2026 19:14
c6a91cca-df4b-43f8-8473-1454a2937181,ministrant.pizza,available,5.98,83.98,medium,low,10,namecheap,,,24/08/2026 23:57
d918e99e-9589-4188-88e2-3577d920f60d,combustive.pizza,available,5.98,83.98,low,low,10,namecheap,,,12/08/2026 18:42
f819f197-0120-4858-9941-09f3d033f7ca,wad.pizza,available,5.98,83.98,high,low,3,namecheap,,,25/08/2026 00:49
7e62796c-4893-4f84-95d5-80efca481425,generations.pizza,available,5.98,83.98,medium,low,11,namecheap,,,17/09/2026 19:20
4b51f38a-daa2-4506-b447-22cb8c4e68d2,plodding.pizza,available,5.98,83.98,medium,low,8,namecheap,,,08/09/2026 21:17
ceaae49e-1f10-495b-8d1e-4d0f292d14bc,lash.pizza,available,5.98,83.98,high,low,4,namecheap,,,30/09/2026 17:16
0b32cc82-4e41-4864-9dd8-27c08e6d3fc1,gras.pizza,available,17.99,64.99,medium,low,4,namesilo,,,01/10/2026 16:24
8154934f-8229-4dd6-abaa-917c0944c9b7,cimarron.pizza,available,17.99,64.99,high,low,8,namesilo,,,23/09/2026 15:12
90d488a0-8471-445e-ac4e-df0af3644223,trends.pizza,available,5.98,83.98,high,low,6,namecheap,,,17/09/2026 19:12
cc49a085-97bf-4dd7-9516-a665fd58484e,zygoma.pizza,available,17.99,64.99,medium,low,6,namesilo,,,20/09/2026 03:03
1f85a13f-f0a1-496d-9a3a-02581970446a,handiness.pizza,available,17.99,64.99,medium,low,9,namesilo,,,16/09/2026 22:18
1c8f1dd6-075a-4604-916c-fc313a03c2af,albinotic.pizza,available,5.98,83.98,medium,low,9,namecheap,,,
8d15d69e-d886-4c4f-a2d9-705baa7e2a4b,cluttered.pizza,available,5.98,83.98,medium,low,9,namecheap,,,12/08/2026 13:12
c768ab09-e88e-491e-88d2-4fd48ca692e7,automated.pizza,available,5.98,83.98,high,low,9,namecheap,,,22/09/2026 13:58
2615e440-999c-4a55-8c6a-8d365948513e,swansea.pizza,available,17.99,64.99,medium,low,7,namesilo,,,28/09/2026 10:58
b4dfe3fc-47b5-4d9e-a2de-21f3c7b8ee5d,garza.pizza,available,10.81,52.01,medium,low,5,porkbun,,,28/09/2026 21:33
3e907e4b-5ac0-4dc9-8159-6bad1ae9a961,supra.pizza,available,5.98,83.98,high,low,5,namecheap,,,
3dcaf83c-10f9-41f5-a01f-8afd94d9732f,ersatz.pizza,available,5.98,83.98,medium,low,6,namecheap,,,17/08/2026 13:03
6849705c-006a-47cf-95cb-053cb5503c09,masterly.pizza,available,5.98,83.98,high,low,8,namecheap,,,23/09/2026 21:40
2fa27dec-d401-4b6f-9a85-872a6a788915,allocator.pizza,available,17.99,64.99,high,low,9,namesilo,,,18/09/2026 11:47
b9cea9a4-68f3-474b-b10c-12eff8f3bff4,flush.pizza,available,5.98,83.98,high,low,5,namecheap,,,
a37d0591-c26f-4c11-a71d-bcaebd1dab90,longing.pizza,available,5.38,51.95,medium,low,7,spaceship,,,28/09/2026 19:43
09213f66-881d-46cd-9c9b-b65ca2fa0300,bursting.pizza,available,17.99,64.99,high,low,8,namesilo,,,30/09/2026 12:02
888d4736-1b62-4eaa-a073-c8f4cd3a6782,enjoyment.pizza,available,17,,high,low,9,unstoppable,,,01/10/2026 11:07
691b1324-4f66-4b22-a378-166e2cea8f7d,rant.pizza,available,17.99,64.99,high,low,4,namesilo,,,24/09/2026 03:37
25b7abaf-d616-4279-92a4-63f97181b086,abbey.pizza,available,17.99,64.99,high,low,5,namesilo,,,16/09/2026 14:25
08028372-db1d-4997-9283-47ce8caf9bc6,jekyll.pizza,available,17.99,64.99,medium,low,6,namesilo,,,02/10/2026 01:06
e746eb6d-44ea-405e-a31a-3bf978a4ea0d,sloe.pizza,available,5.98,83.98,medium,low,4,namecheap,,,18/09/2026 10:21
b8fda2f4-0488-4537-8f0d-5e1b2c169e82,transcript.pizza,available,17.99,64.99,high,low,10,namesilo,,,25/09/2026 22:18
fde7d8dd-348d-47f6-a9d8-51010bdbfb47,had.pizza,available,19.99,,high,low,3,name.com,,,
adb6b60d-9de2-41cf-a800-0574477f5244,empyreal.pizza,available,5.98,83.98,medium,low,8,namecheap,,,16/08/2026 20:53
3ba5f8d7-9f8c-43a2-9851-6667acc23605,barebacked.pizza,available,5.98,83.98,medium,low,10,namecheap,,,08/08/2026 18:44
0bfaab77-2da1-45fd-b2df-9dbaccd01578,changing.pizza,available,17.99,64.99,high,low,8,namesilo,,,23/09/2026 13:46
0263720c-ca06-4e46-9a3a-b2443168f01d,guerra.pizza,available,5.38,51.95,medium,low,6,spaceship,,,28/09/2026 12:18
bc322bbc-8491-45d6-8d60-0c7983f987f7,adornment.pizza,available,17.99,64.99,high,low,9,namesilo,,,17/09/2026 09:46
7703cb21-c996-4ca6-b3cb-4a24d15ebd7c,grain.pizza,available,19.99,111.99,high,low,5,godaddy,,,28/09/2026 01:37
dfdffd00-f15c-45a2-beaf-01f915199887,vocal.pizza,available,17.99,64.99,high,low,5,namesilo,,,26/09/2026 03:23
5a02f749-897d-4a7f-a79a-2851aff79b4f,buttoned.pizza,available,5.98,83.98,medium,low,8,namecheap,,,11/08/2026 11:58
57cd2b7c-17f2-49f0-9b6b-5f8474f7bd85,shortfall.pizza,available,17.99,64.99,high,low,9,namesilo,,,29/09/2026 13:34
04291a0e-1f51-474d-aec4-1bd42e0c549d,third.pizza,available,5.98,83.98,high,low,5,namecheap,,,
2fd058a6-ba9e-4858-8818-1a032d0c13c5,conduction.pizza,available,5.38,51.95,high,low,10,spaceship,,,29/09/2026 10:47
c9d0f650-ebee-4474-9639-ec43387901d9,feudal.pizza,available,5.98,83.98,medium,low,6,namecheap,,,18/08/2026 02:58
fc96ceb5-cfee-4a01-8d9c-727d9e0f87cd,renal.pizza,available,5.98,83.98,medium,low,5,namecheap,,,09/09/2026 13:51
dfa087c2-6480-4bde-9923-6e6fb1413f14,chalkboards.pizza,available,17.99,64.99,low,low,11,namesilo,,,19/09/2026 23:25
9a7a4f47-c2a2-46b7-8845-908ed00bb4c1,gaines.pizza,available,5.38,51.95,high,low,6,spaceship,,,28/09/2026 04:15
297b1b85-7738-4b36-9124-ef0129121b1a,sophia.pizza,available,5.38,51.95,high,low,6,spaceship,,,28/09/2026 07:06
5373de68-2c19-4a22-b7ce-9935a3123aaa,impellent.pizza,available,5.98,83.98,medium,low,9,namecheap,,,21/08/2026 22:03
86acd71a-6601-40fe-ac01-4fe6b3450a3a,entitlements.pizza,available,10.81,52.01,medium,low,12,porkbun,,,01/10/2026 00:42
2c80bb98-25b1-4986-a8b9-b440acd8d1cd,adapters.pizza,available,17.99,64.99,medium,low,8,namesilo,,,01/10/2026 00:53
a6e75c40-77af-40f2-af1a-ec34692ee2b4,ossiculate.pizza,available,5.98,83.98,medium,low,10,namecheap,,,04/09/2026 18:24
78f5a63f-6eaf-4073-9346-e3bcef515a26,crop.pizza,available,5.98,83.98,high,low,4,namecheap,,,24/09/2026 19:07
423d6522-3486-4e28-829c-378f223d3795,productive.pizza,available,5.98,83.98,high,low,10,namecheap,,,18/08/2026 21:26
527420c7-c327-427f-b76f-293e5d87f133,liqueur.pizza,available,5.98,83.98,high,low,7,namecheap,,,13/08/2026 01:02
b8862679-6d81-47d3-aca9-30eb74dcf910,margosa.pizza,available,17.99,64.99,medium,low,7,namesilo,,,20/09/2026 05:43
73495d17-48fd-4359-8024-6208cab70022,america.pizza,premium,207.2,207.2,high,medium,7,spaceship,,,28/09/2026 20:53
3db3e56c-5b44-48a3-91d9-f931b74e0d53,consistent.pizza,available,5.98,83.98,high,low,10,namecheap,,,12/08/2026 16:01
6e4f9d14-45fb-4b73-a8fe-8cc18aa054a1,crustacean.pizza,available,5.98,83.98,high,low,10,namecheap,,,13/08/2026 09:19
1c295845-08cc-4391-8ffe-004e5e226ec6,insolvent.pizza,available,5.98,83.98,medium,low,9,namecheap,,,08/08/2026 13:34
dba304ba-5a8c-4f99-afa9-6a76d9519ae6,crafty.pizza,available,17.99,64.99,high,low,6,namesilo,,,24/09/2026 01:24
78f67de2-1495-4d83-93de-cd3988d29317,bedspread.pizza,available,17.99,64.99,high,low,9,namesilo,,,22/09/2026 22:52
3eff012c-3ac4-4e7f-8b33-ad1436553020,sternberg.pizza,available,10.81,52.01,medium,low,9,porkbun,,,29/09/2026 15:45
65c72dd9-c2c8-490b-822a-fd8cf25fd5e6,gladys.pizza,available,17.99,64.99,medium,low,6,namesilo,,,26/09/2026 03:41
c3a96306-a54c-41c0-bbaf-e860013133f1,cite.pizza,available,17,,high,low,4,unstoppable,,,01/10/2026 18:58
2b9c5e0a-3345-42bb-a591-676fd203d803,darken.pizza,available,17,,high,low,6,unstoppable,,,30/09/2026 18:19
3b699481-78c3-4fc4-8c08-10fbfa563014,painful.pizza,available,5.98,83.98,high,low,7,namecheap,,,
ff579df7-e7e6-4433-951c-64b19bf06504,masquerade.pizza,available,17.99,64.99,high,low,10,namesilo,,,30/09/2026 17:17
ebd539e5-8098-4f49-af3b-67745e2c93e7,unary.pizza,available,5.98,83.98,medium,low,5,namecheap,,,12/09/2026 01:06
3cf9db14-1a36-41d3-a87e-c085b9bfb1f7,planner.pizza,available,5.98,83.98,high,low,7,namecheap,,,24/09/2026 17:52
f5ba2bc4-6040-4fe4-8ce9-ca4248e54437,legend.pizza,available,5.38,51.95,high,low,6,spaceship,,,30/09/2026 02:45
9d3274c7-9daf-42ca-9f5e-91255d6890f5,unpainted.pizza,available,5.98,83.98,medium,low,9,namecheap,,,12/09/2026 16:25
032fd3e2-8715-4652-b6a9-ca2dce0e16b0,newburgh.pizza,available,50.2,50.2,high,low,8,cloudflare,,,29/09/2026 07:44
073f5d50-6b51-4ab5-ae94-bbcc9955f1e2,detonation.pizza,available,10.92,53.72,medium,low,10,dynadot,,,30/09/2026 08:10
3293c2bf-d850-4f0b-a68e-2a369305684d,offside.pizza,available,5.98,83.98,medium,low,7,namecheap,,,04/09/2026 01:39
2fbed789-0093-4b88-b8d1-af3d2e1a0ae8,reprobate.pizza,available,5.98,83.98,medium,low,9,namecheap,,,14/08/2026 02:38
46d4132b-c4f6-4dba-8f68-2ef58d9e5899,sociedad.pizza,available,5.38,51.95,medium,low,8,spaceship,,,29/09/2026 10:09
e2a2ada3-4bd3-48b1-b8ce-7efb71cd82ed,potts.pizza,available,5.38,51.95,medium,low,5,spaceship,,,28/09/2026 04:13
c098b343-fe41-4c56-9e57-ed0e1e2df6b4,approximately.pizza,available,17.99,64.99,medium,low,13,namesilo,,,27/09/2026 08:28
a4a7a876-c1bb-4123-afd5-aa01ebf9caa5,electron.pizza,available,17.99,64.99,high,low,8,namesilo,,,29/09/2026 18:44
6b36e732-9406-464b-890c-595720d7aa10,playback.pizza,available,17,,high,low,8,unstoppable,,,29/09/2026 13:42
6755888d-a6e4-4f75-9d3e-6e2f7c5c3315,ire.pizza,premium,118.8,118.8,medium,low,3,namesilo,,,19/09/2026 06:05
b2b29c94-873d-414d-bd58-edccf85fe7f8,baud.pizza,available,17.99,64.99,medium,low,4,namesilo,,,22/09/2026 16:32
f01fd27c-785b-45de-9062-05d63497afb3,existential.pizza,available,50.2,50.2,high,low,11,cloudflare,,,01/10/2026 22:23
f2c3082a-7070-4900-b6c1-f45345a67a94,jubilee.pizza,available,17,,high,low,7,unstoppable,,,30/09/2026 17:45
3f2beb5d-110f-4f05-870d-caf988c7734e,fugal.pizza,available,5.98,83.98,medium,low,5,namecheap,,,18/08/2026 17:38
358c9549-aea1-4f95-8498-d4dc2ae50828,filter.pizza,available,17.99,64.99,high,low,6,namesilo,,,25/09/2026 00:06
990c8682-a128-4331-990b-13ed57e5b5f1,fright.pizza,available,17.99,64.99,medium,low,6,namesilo,,,17/09/2026 14:50
13dffaf7-7dab-48c3-810e-30e303849814,airmanship.pizza,available,17.99,64.99,medium,low,10,namesilo,,,17/09/2026 23:16
b0cd7f00-42b3-40e3-a7fa-a4585b3c438e,parade.pizza,available,5.98,83.98,high,low,6,namecheap,,,25/09/2026 09:47
5ee041a9-0ed2-4d6f-a70a-a6492d0747aa,haired.pizza,available,5.98,83.98,medium,low,6,namecheap,,,20/08/2026 22:09
c8c82f8c-9002-45c3-9ffe-3aec1a03dc3c,dogsledding.pizza,available,17.99,64.99,medium,low,11,namesilo,,,20/09/2026 01:02
d7b40053-c599-49df-aedc-16c2bb299e6f,astilbe.pizza,available,17.99,64.99,medium,low,7,namesilo,,,20/09/2026 17:26
e0a3f311-ebb6-4501-a573-043f194b8e91,flavourful.pizza,available,5.98,83.98,high,low,10,namecheap,,,18/08/2026 07:06
e58660a3-204d-4b63-b35b-8a432a0f5453,gnp.pizza,available,50.2,50.2,high,low,3,cloudflare,,,30/09/2026 01:45
7e187df1-a603-4088-987e-ffb7c76295fc,lesbians.pizza,available,5.38,51.95,medium,low,8,spaceship,,,29/09/2026 17:48
bd582428-44d3-431f-b6a0-b5919cbbb16d,authorized.pizza,available,17.99,64.99,high,low,10,namesilo,,,22/09/2026 13:48
029f7ce0-bd3b-4d4f-a9da-2b2b4c17cd5f,falter.pizza,available,5.98,83.98,high,low,6,namecheap,,,17/08/2026 21:39
862ed705-d7f2-414c-82cf-ad3ebe748927,indulge.pizza,available,17.99,64.99,high,low,7,namesilo,,,21/09/2026 13:04
c9a0ed73-6c18-45c6-a67e-5f23ef646e36,partition.pizza,available,17.99,64.99,high,low,9,namesilo,,,30/09/2026 10:49
4ee6a560-53c6-4a8d-b93c-6ca1510a37c8,abroach.pizza,available,5.98,83.98,medium,low,7,namecheap,,,
0c230d60-9b79-4888-8482-ebf38b83bc46,exchanging.pizza,available,17.99,64.99,medium,low,10,namesilo,,,20/09/2026 00:55
8f79d3ca-ecc2-4982-bdd7-c957298452c9,cuts.pizza,available,17.99,64.99,high,low,4,namesilo,,,19/09/2026 00:14
6e0db7c1-e4b0-4575-b73b-b5e1d5235035,untried.pizza,available,5.98,83.98,medium,low,7,namecheap,,,12/09/2026 21:15
1f0afa96-0314-4f23-a077-76e4598af1e4,wedded.pizza,available,5.98,83.98,high,low,6,namecheap,,,13/09/2026 09:30
a7fbe92c-5001-474d-b95a-f26f1634cfc1,lipstick.pizza,available,50.2,50.2,high,low,8,cloudflare,,,02/10/2026 05:27
78dc769f-4d77-4b4a-bfeb-12a1a138e82c,barbecued.pizza,available,5.98,83.98,high,low,9,namecheap,,,08/08/2026 16:25
ab51a603-920f-434e-a4ac-210118584fa2,petrarch.pizza,available,17.99,64.99,medium,low,8,namesilo,,,01/10/2026 02:14
91b007a0-69f3-47ad-9bbf-7a4b898b4f06,sandusky.pizza,available,17.99,64.99,medium,low,8,namesilo,,,28/09/2026 22:26
59885020-da3f-4412-bfc5-29e4c4c939e9,chief.pizza,available,17.99,64.99,high,low,5,namesilo,,,23/09/2026 00:59
bb1d2ac0-ff22-4386-9c3b-4e87025c9ca0,rocambole.pizza,available,17.99,64.99,medium,low,9,namesilo,,,18/09/2026 11:33
8168e389-5541-4690-9c8a-c5880f671bc7,reborn.pizza,available,5.98,83.98,high,low,6,namecheap,,,10/08/2026 20:11
40eeef45-25a4-4778-92dc-25b0bbecd4a8,schooling.pizza,available,5.98,83.98,high,low,9,namecheap,,,01/10/2026 11:01
53fa5246-5240-44eb-9c05-79f76a319f2f,adapting.pizza,available,17.99,64.99,medium,low,8,namesilo,,,02/10/2026 01:43
10593982-5109-4d0b-b7b9-fbbae1dfd57f,hipaa.pizza,available,19.99,,medium,low,5,name.com,,,
7f5fbba1-cf27-4591-8a35-eff8c6277624,exergonic.pizza,available,5.98,83.98,medium,low,9,namecheap,,,17/08/2026 17:06
5f102dd2-f588-484e-b002-32c63a30ac6c,motherfukkah.pizza,available,17.99,64.99,medium,low,12,namesilo,,,02/10/2026 05:04
915df1a2-c37b-46da-a81c-58d5fcdd584e,heroin.pizza,available,17.99,64.99,medium,low,6,namesilo,,,24/09/2026 22:03
f941f34e-92a6-44b4-9f2a-f3d605181c6f,entering.pizza,available,5.98,83.98,high,low,8,namecheap,,,22/08/2026 01:48
2cacdc32-9366-45e9-9555-3c33a769808a,lightwood.pizza,available,5.98,83.98,medium,low,9,namecheap,,,16/09/2026 20:15
6c5353c4-dd61-4c30-95ee-a624f758745c,outgoing.pizza,available,5.98,83.98,high,low,8,namecheap,,,18/08/2026 12:37
8de93a79-cb3f-4a32-85ef-fa463c76fc57,covalent.pizza,available,5.98,83.98,high,low,8,namecheap,,,13/08/2026 04:03
7199fdf5-653f-40e7-ad35-058eddd0ddd0,softer.pizza,available,5.38,51.95,medium,low,6,spaceship,,,30/09/2026 06:29
ceabcb8f-3d02-49f6-8e7d-93cc9ddcc2c4,novelty.pizza,available,17,,medium,low,7,unstoppable,,,29/09/2026 02:33
8af1bcfa-c821-420e-9e52-7d6e8242f513,fop.pizza,available,19.99,84.99,medium,low,3,name.com,,,13/08/2026 17:09
636743b2-07fa-4560-91e4-70ca628ed991,theatres.pizza,available,17.99,64.99,medium,low,8,namesilo,,,20/09/2026 19:41
f14b6e77-6eb0-4e65-b51f-ef4b8868deb4,languorous.pizza,available,5.98,83.98,medium,low,10,namecheap,,,22/08/2026 18:05
0a87efd0-134f-48ef-b7b9-7594790ec716,lowell.pizza,premium,78.54,78.54,high,low,6,namesilo,,,16/09/2026 14:32
6fa0c6d7-5177-4d56-af3e-ebd6a1827b0d,inclement.pizza,available,5.98,83.98,medium,low,9,namecheap,,,22/08/2026 01:31
329a4494-8113-465d-a870-3b0523d6f91c,educative.pizza,available,5.98,83.98,high,low,9,namecheap,,,15/08/2026 11:09
8a03b941-9b27-4d4f-9a8d-04bfbf57c5ec,parietal.pizza,available,5.98,83.98,medium,low,8,namecheap,,,08/09/2026 01:33
5fe3fa67-ae44-43f3-90fd-4d5ef75cb109,profitably.pizza,available,5.98,83.98,medium,low,10,namecheap,,,14/09/2026 20:29
3ef253ef-6de1-4b17-a968-9e3cbcc19c6c,vivace.pizza,available,5.98,83.98,high,low,6,namecheap,,,13/09/2026 06:22
a4ffce2a-bab7-4483-8b6d-8c855eee1dda,dissatisfied.pizza,available,10.92,53.72,medium,low,12,dynadot,,,29/09/2026 21:05
e7b00dd7-1a57-400d-9a84-edd59ad163f3,wriggly.pizza,available,5.98,83.98,medium,low,7,namecheap,,,13/09/2026 13:43
56a36fc2-605e-40ee-9545-86cc129b57cc,veterinary.pizza,available,5.98,83.98,high,low,10,namecheap,,,13/09/2026 05:00
9dcd670e-d7f1-4474-bacb-272ae4cd6141,crafts.pizza,available,17.99,64.99,medium,low,6,namesilo,,,19/09/2026 02:50
06b0984c-1097-4509-8f5d-6485f59ee229,markets.pizza,available,17.99,64.99,high,low,7,namesilo,,,01/10/2026 02:34
2fe0c95c-e7c5-4b80-959a-021e564e67b0,resonant.pizza,available,5.98,83.98,high,low,8,namecheap,,,17/08/2026 15:19
2be50bd1-10ee-4908-835f-fcb8c9f943fe,skintight.pizza,available,5.98,83.98,medium,low,9,namecheap,,,10/09/2026 09:40
5c9496b9-11fa-4766-8e7e-b339e59bf1ac,nitric.pizza,available,5.98,83.98,medium,low,6,namecheap,,,08/08/2026 02:58
094f9454-ddd1-456a-9fba-0a74be0926db,brent.pizza,available,5.38,51.95,high,low,5,spaceship,,,28/09/2026 05:19
62afbb2a-d60d-44e7-83eb-d60d3a954b52,rules.pizza,available,19.99,,high,low,5,name.com,,,
424cf06b-de84-4746-a922-f86a03a30e1c,equation.pizza,available,5.38,51.95,high,low,8,spaceship,,,28/09/2026 19:06
d165354b-385c-4f47-9d8d-c18aad5f44e7,contour.pizza,available,17.99,64.99,high,low,7,namesilo,,,24/09/2026 17:43
a7715341-4724-4007-9f6b-2a7cfb9809e6,proust.pizza,available,17,,medium,low,6,unstoppable,,,30/09/2026 17:59
bf241772-811c-44a6-be6d-eed617801f11,outlines.pizza,available,17,,medium,low,8,unstoppable,,,02/10/2026 03:08
06b8ef6b-539b-4d3b-a4d7-eae4628db5d1,grubby.pizza,available,5.98,83.98,medium,low,6,namecheap,,,09/08/2026 09:31
540a6648-78f9-4c6e-98fe-3ad2056d4d30,seductive.pizza,available,5.98,83.98,high,low,9,namecheap,,,10/09/2026 01:39
b95db86d-716a-4961-9524-5100e985dd87,unsecured.pizza,available,5.98,83.98,medium,low,9,namecheap,,,12/09/2026 01:41
44a0743b-f5b7-4c19-bfd1-99979d3b84fd,satirical.pizza,available,5.98,83.98,medium,low,9,namecheap,,,09/09/2026 21:49
4552405a-f7c1-4289-b02c-010eec4f2190,embarked.pizza,available,17,,medium,low,8,unstoppable,,,02/10/2026 02:37
32f4172e-9f58-408e-899c-9917fe6f98a7,slr.pizza,premium,102.67,102.67,high,low,3,spaceship,,,02/10/2026 02:08
be23697b-8663-4767-93b0-1410a5bf3200,barefooted.pizza,available,5.98,83.98,medium,low,10,namecheap,,,08/08/2026 18:59
aca09702-2f52-4df5-9237-3a9f65278d62,arginine.pizza,available,17.99,64.99,medium,low,8,namesilo,,,20/09/2026 04:24
a07545ab-2d18-481f-ad47-5208c3fecc05,booths.pizza,available,5.38,51.95,medium,low,6,spaceship,,,01/10/2026 18:37
042b83e5-0cc0-4513-9b63-f4d692c7156f,antiquities.pizza,available,17.99,64.99,medium,low,11,namesilo,,,02/10/2026 01:45
38ed1fa6-8761-48f2-81b3-3bc6ebb85c3e,ist.pizza,premium,,,high,low,3,,,,01/10/2026 22:27
c7c839f6-a415-4f86-adf5-80a448fc03ae,fitzwilliam.pizza,available,17.99,64.99,medium,low,11,namesilo,,,01/10/2026 10:32
8d1f680b-2505-4431-bd45-a9d845c84cca,sabotage.pizza,available,10.92,53.72,medium,low,8,dynadot,,,28/09/2026 13:47
46de8a79-89c1-4d3b-9d73-32fb783cdb97,mussolini.pizza,available,17.99,64.99,medium,low,9,namesilo,,,23/09/2026 08:12
33d2f0e0-d092-4753-a0ff-f9c8b3883b9a,vertex.pizza,available,17.99,64.99,high,low,6,namesilo,,,19/09/2026 16:44
24c3aa81-118d-4011-a192-79dcefc4e62f,prostitute.pizza,available,19.99,84.99,high,low,10,name.com,,,13/08/2026 14:11
c17788a8-b541-4fd1-86c4-7ee1ddc3b78f,ambulance.pizza,available,5.98,83.98,high,low,9,namecheap,,,18/09/2026 17:28
16211fdd-f3dd-4784-bfd5-ec61ce86ee2e,gideon.pizza,available,17,,high,low,6,unstoppable,,,28/09/2026 16:03
75829e2e-c21e-4560-b430-595b71c54a91,robson.pizza,available,17.99,64.99,high,low,6,namesilo,,,28/09/2026 08:01
64a70172-c6a3-4ca9-a44d-ae6cce4d67cd,bake.pizza,resell,,,high,low,4,"Global Domains International, Inc. DBA DomainCostClub.com",08/04/2024 15:50,08/04/2027 15:50,30/09/2026 15:33
c629248e-c413-4af7-b594-ff9a8d1d1af1,unrelated.pizza,available,5.98,83.98,medium,low,9,namecheap,,,12/09/2026 18:04
d0d288d2-aff8-4796-95e3-dec18500c30d,advertiser.pizza,available,17.99,64.99,high,low,10,namesilo,,,17/09/2026 08:38
84609061-6f23-4c00-8bd6-20d7c294382a,plated.pizza,available,5.98,83.98,high,low,6,namecheap,,,17/09/2026 05:15
8b19dcfc-dfb9-4e04-9efc-386a54f35dad,diffident.pizza,available,5.98,83.98,medium,low,9,namecheap,,,14/08/2026 07:01
2ee565eb-2783-4c99-a8c3-01b5802e26cf,hyaline.pizza,available,5.98,83.98,medium,low,7,namecheap,,,21/08/2026 16:06
c037878e-def6-4c91-abc5-7241b22905f5,gentleman.pizza,available,17.99,64.99,high,low,9,namesilo,,,25/09/2026 06:26
960fa38b-efd8-4ec5-bb2c-0ddb41d1782a,antum.pizza,available,5.98,83.98,medium,low,5,namecheap,,,19/09/2026 15:47
f7996d88-ea84-4ac9-9160-66eacea5e4ce,rumination.pizza,available,5.98,83.98,medium,low,10,namecheap,,,03/09/2026 11:31
f47e4a25-4c40-4ed7-88cc-2fea2fe7454c,strive.pizza,available,50.2,50.2,high,low,6,cloudflare,,,29/09/2026 18:47
2443cc8f-7519-457d-9695-b2dbf16af5aa,marquez.pizza,available,17,,medium,low,7,unstoppable,,,30/09/2026 21:51
bfcc119b-4dbf-4bf6-b5ff-75152f881f89,phases.pizza,available,17.99,64.99,medium,low,6,namesilo,,,18/09/2026 14:38
224d8f84-1dac-440e-b2eb-8a1ef266d0c5,specimen.pizza,available,5.38,51.95,high,low,8,spaceship,,,28/09/2026 03:06
e775a4f8-998b-40d9-899a-2b5807e310f7,prosaic.pizza,available,5.98,83.98,medium,low,7,namecheap,,,21/08/2026 15:08
bce38383-0276-4f0a-b3ff-3a8e088af85c,enigmatic.pizza,available,5.98,83.98,high,low,9,namecheap,,,17/08/2026 09:13
1e962481-04d8-4eaa-a6f3-3459f6fbbf07,vector.pizza,available,17.99,64.99,high,medium,6,namesilo,,,30/09/2026 14:20
56d5c328-a447-48ff-8220-38532b8e1370,dipped.pizza,available,5.98,83.98,medium,low,6,namecheap,,,14/08/2026 08:30
e3c840af-d600-4e84-b249-657f9ccf9608,hinterland.pizza,available,5.98,83.98,high,low,10,namecheap,,,21/09/2026 14:33
bf12cea6-5b8e-4874-80f1-d98b6c55364a,parrish.pizza,available,17.99,64.99,medium,low,7,namesilo,,,28/09/2026 14:51
e15b3db5-2795-451a-8711-377df186a076,doubtful.pizza,available,17.99,64.99,medium,low,8,namesilo,,,24/09/2026 11:52
a37a9430-91f2-40f4-b47f-08d7a60baf3a,advancing.pizza,available,5.98,83.98,high,low,9,namecheap,,,21/09/2026 20:51
db5f7702-0a26-4414-8724-5cea8f3c7f68,bagful.pizza,available,5.98,83.98,medium,low,6,namecheap,,,21/09/2026 17:57
fd3f0fa3-5cde-4ee1-906c-5511fd9dea47,hiroshi.pizza,available,17,,medium,low,7,unstoppable,,,29/09/2026 15:38
8f0f0e0c-5e1f-4207-a981-46b9091b6027,altered.pizza,available,5.98,83.98,high,low,7,namecheap,,,
a485a852-7b60-4ffa-ae8a-5f7298bc8c93,schell.pizza,available,17.99,64.99,medium,low,6,namesilo,,,02/10/2026 00:38
5431a0dd-e373-47f8-9c9c-dd919eddfa3a,kidding.pizza,available,17.99,64.99,high,low,7,namesilo,,,29/09/2026 03:02
55596455-e127-4216-a73e-a6db712d33bb,writer.pizza,available,17.99,64.99,high,low,6,namesilo,,,21/09/2026 05:09
201664c7-7f3b-4c28-bb0c-64c24f20917b,macabre.pizza,available,5.98,83.98,medium,low,7,namecheap,,,18/08/2026 23:19
d36f39bd-feb6-4c55-8c29-15be4d5fde2b,konrad.pizza,available,17.99,64.99,medium,low,6,namesilo,,,28/09/2026 12:53
245b0ab1-f4d1-4770-8a31-50d55e2fba09,cosmetics.pizza,available,17.99,64.99,high,low,9,namesilo,,,29/09/2026 04:53
4a2271ad-7a26-4c16-8a4a-f227d9476c91,learns.pizza,available,17.99,64.99,medium,low,6,namesilo,,,20/09/2026 05:46
9fb875b1-a94e-4969-a087-600e1e1fa94e,pir.pizza,available,5.38,51.95,medium,low,3,spaceship,,,30/09/2026 12:35
57d6ea3a-d096-4191-9bc3-067cf887d9c9,spirea.pizza,available,17.99,64.99,medium,low,6,namesilo,,,20/09/2026 17:27
0de7314c-4458-442b-b4b8-3c519373070e,kun.pizza,available,17,,high,low,3,unstoppable,,,30/09/2026 13:03
26bdf584-ff02-454c-971d-a60577e87764,useless.pizza,available,17.99,64.99,medium,low,7,namesilo,,,28/09/2026 10:02
798a4a3f-ff38-4187-a937-bf6b2474e070,katz.pizza,available,5.98,83.98,high,low,4,namecheap,,,25/09/2026 15:43
7809da6f-e5e5-4252-8b95-7a482949f86a,kinsey.pizza,available,17.99,64.99,high,low,6,namesilo,,,18/09/2026 06:26
006cf1b7-b8f9-447e-a463-ec53bc537d1b,fortress.pizza,available,5.38,51.95,high,low,8,spaceship,,,28/09/2026 05:46
9b6988a8-6643-47ec-b847-280c67a77898,scatty.pizza,available,5.98,83.98,medium,low,6,namecheap,,,
48c97d14-d39a-40e1-805d-1bb847cbccd5,arrested.pizza,available,5.98,83.98,medium,low,8,namecheap,,,17/09/2026 20:22
e548d722-a4b2-4878-b6dd-7b6b0d490cb0,feast.pizza,available,17.99,64.99,high,low,5,namesilo,,,22/09/2026 03:01
5e77dd90-46c0-4866-8795-bfcec3b27036,distributing.pizza,available,5.38,51.95,medium,low,12,spaceship,,,01/10/2026 15:49
f7bbe5da-b435-4ed1-922f-71e7228f7796,sombre.pizza,available,5.98,83.98,medium,low,6,namecheap,,,10/09/2026 14:02
33abc645-a045-4b6f-90e4-b28ce5704c79,burnley.pizza,premium,68.51,68.51,medium,low,7,spaceship,,,29/09/2026 15:51
671285d4-dad2-48e0-a888-91ea6445d887,rests.pizza,available,17.99,64.99,medium,low,5,namesilo,,,18/09/2026 07:14
84d2ec92-7264-43ba-88a8-3946d0b1c578,condolence.pizza,available,17.99,64.99,high,low,10,namesilo,,,29/09/2026 10:42
b6dbff95-19f8-4c69-9a37-fd2ea0f1b5c9,arioso.pizza,available,17.99,64.99,medium,low,6,namesilo,,,20/09/2026 05:35
93f485a6-b095-4d1f-89ff-c52577b8f2f9,sauna.pizza,available,17.99,64.99,high,low,5,namesilo,,,30/09/2026 10:38
ce846d6f-134e-47d4-9f38-b962f996b84d,niigata.pizza,available,17,,medium,low,7,unstoppable,,,02/10/2026 00:28
da8aa000-3ed9-4ac0-983c-c68b8401321d,wisconsin.pizza,premium,242,242,high,low,9,namesilo,,,21/09/2026 17:10
84061a1e-c4f6-48bf-8ea2-456bb1ad90ff,staffordshire.pizza,available,17.99,64.99,medium,low,13,namesilo,,,28/09/2026 11:53
5fefe1b0-d6e7-4ae7-a82b-afb0c93d1506,clever.pizza,available,17.99,64.99,high,medium,6,namesilo,,,23/09/2026 12:20
44fb9f1e-1794-40a5-81ab-fcc611d9fade,zoom.pizza,available,5.98,83.98,high,medium,4,namecheap,,,28/09/2026 15:12
735356c8-398f-4bbf-9dbb-5ba9071b98af,parentally.pizza,available,5.98,83.98,medium,low,10,namecheap,,,15/09/2026 18:57
3027a9b1-8eac-4df5-aadd-d66e7823e078,outrageous.pizza,available,5.98,83.98,medium,low,10,namecheap,,,17/08/2026 17:38
508595b6-4810-402c-9659-698779d36450,unguided.pizza,available,5.98,83.98,medium,low,8,namecheap,,,12/09/2026 11:41
7c95e82d-52e5-44ab-b7d4-e58881e65e29,historied.pizza,available,5.98,83.98,medium,low,9,namecheap,,,21/08/2026 09:53
efec06e3-150d-4a50-9687-358080b17779,detergent.pizza,available,17.99,64.99,high,low,9,namesilo,,,24/09/2026 07:32
416f5bd7-aa48-43f0-ad3f-03b9d839a2f3,untreated.pizza,available,5.98,83.98,medium,low,9,namecheap,,,12/09/2026 21:44
a4fc2897-1bba-4412-9fb0-4a11003f29f4,slips.pizza,available,17.99,64.99,high,low,5,namesilo,,,17/09/2026 12:24
26d68a4f-bb8e-41db-b461-cb842411d5bc,medal.pizza,available,5.38,51.95,high,low,5,spaceship,,,30/09/2026 02:12
6e4c2895-a239-4ba2-a319-0bac6d8778e0,michel.pizza,available,5.98,83.98,high,low,6,namecheap,,,25/09/2026 12:46
53f7db72-296b-41bf-8edd-9ec505448567,stones.pizza,available,17.99,64.99,medium,low,6,namesilo,,,26/09/2026 03:37
ebc261f1-ac4b-431f-97fc-e661c1434640,huts.pizza,available,5.38,51.95,medium,low,4,spaceship,,,30/09/2026 15:30
19485663-6066-4b26-b311-a6af211d0b7d,monger.pizza,available,17.99,64.99,medium,low,6,namesilo,,,22/09/2026 05:36
5beb9d40-32b1-4ea0-8bf9-6dfb881d2ec6,sesame.pizza,available,5.98,83.98,high,low,6,namecheap,,,23/09/2026 08:27
6d799281-40bb-4c96-9642-c7e1ba858ab7,elton.pizza,available,17.99,64.99,high,low,5,namesilo,,,27/09/2026 19:29
5baa4387-028c-4aa6-9eec-c4dfccc276ca,tort.pizza,available,5.98,83.98,medium,low,4,namecheap,,,24/09/2026 15:10
e55952b8-5f5c-4b51-9124-7f3a5482e1da,sylvia.pizza,available,5.38,51.95,high,low,6,spaceship,,,27/09/2026 19:08
95b777ff-e87e-43ee-a8b1-09b18879da2b,equally.pizza,available,17.99,64.99,medium,low,7,namesilo,,,28/09/2026 12:20
5648600b-0453-478d-987e-0f5c020f1288,marcus.pizza,available,19.99,84.99,high,low,6,name.com,,,25/09/2026 17:20
6344aabc-4359-4dda-8fc0-1e3b9e10a0ba,perplexing.pizza,available,5.98,83.98,medium,low,10,namecheap,,,08/09/2026 17:58
512357cb-39e4-4710-a924-e5dd9e122c7f,beer.pizza,resell,,,high,medium,4,"GoDaddy.com, LLC",09/01/2015 18:53,09/01/2027 18:53,29/09/2026 02:00
7ca98096-9c99-4bb0-9c1b-8e2c1d121e32,hooper.pizza,available,5.38,51.95,medium,low,6,spaceship,,,29/09/2026 02:55
1d55ea57-952b-4800-b0b5-5eff92b942ee,rowing.pizza,available,10.81,52.01,high,low,6,porkbun,,,29/09/2026 20:14
53b693a6-cfc4-418c-9177-80dc3158c100,propitious.pizza,available,5.98,83.98,high,low,10,namecheap,,,09/09/2026 03:38
e681221b-766a-4e41-a0d3-70f8441d0d77,seller.pizza,available,50.2,50.2,high,low,6,cloudflare,,,28/09/2026 19:50
31804d52-b963-4257-9812-cd17367bd9f8,disloyalty.pizza,available,17.99,64.99,medium,low,10,namesilo,,,24/09/2026 22:47
6046bea0-cbb4-4f9a-921d-e2de679b8064,ballota.pizza,available,5.98,83.98,medium,low,7,namecheap,,,21/09/2026 23:16
57fa73c3-13e1-40be-a7a1-eacb0cab95d7,hem.pizza,available,5.98,83.98,medium,low,3,namecheap,,,17/09/2026 20:18
3cc9d746-4a74-4c72-828b-1c898d7e8111,diary.pizza,available,17.99,64.99,high,low,5,namesilo,,,24/09/2026 22:13
72d5e09d-d709-4e60-ab4c-015a5b5098dd,jointly.pizza,available,5.38,51.95,medium,low,7,spaceship,,,28/09/2026 14:08
d014aa19-5362-49dd-b7ee-23d0aec9cd7e,medina.pizza,premium,242,242,high,low,6,namesilo,,,18/09/2026 01:29
ad905df6-c4c2-46e6-8f8d-2af176f2ce7b,cytotoxic.pizza,available,19.99,84.99,medium,low,9,name.com,,,13/08/2026 14:44
708cedd2-74d8-47f3-bab0-6b0ca70f6b30,gaining.pizza,available,10.81,52.01,medium,low,7,porkbun,,,28/09/2026 11:29
f2fbc8b5-be0b-4edd-8196-1ed759d54215,intolerable.pizza,available,17,,medium,low,11,unstoppable,,,30/09/2026 11:56
4345834e-3df2-4756-880d-48008c668c3f,immigrants.pizza,available,5.98,83.98,medium,low,10,namecheap,,,29/09/2026 17:14
17424ff7-e529-4ceb-a3bc-175eb120f240,darn.pizza,available,19.99,84.99,high,low,4,name.com,,,13/08/2026 16:10
4f083deb-0147-4d60-bdb8-941917d2cf17,violently.pizza,available,17.99,64.99,medium,low,9,namesilo,,,16/09/2026 11:00
38cb5d08-bc22-429e-bf7a-e0754ee9b493,judicious.pizza,available,5.98,83.98,high,low,9,namecheap,,,21/08/2026 02:00
93f254d3-b6de-465e-a744-693accefbc7f,sentiment.pizza,available,17.99,64.99,high,low,9,namesilo,,,28/09/2026 15:00
79e0e53d-7b53-4268-bc8c-755c1d5fd047,allergenic.pizza,available,5.98,83.98,medium,low,10,namecheap,,,
32ed60eb-ce70-40f9-823f-19810786b1d6,impetuous.pizza,available,5.98,83.98,medium,low,9,namecheap,,,11/08/2026 01:36
54b44432-6aeb-42c8-ba9f-7cd8f50bc0d0,skinned.pizza,available,5.98,83.98,high,low,7,namecheap,,,10/09/2026 09:44
4aa658c4-5d55-4e65-8645-44e446597e6d,rappahannock.pizza,available,17.99,64.99,medium,low,12,namesilo,,,30/09/2026 22:09
ab6d3589-44a6-4e7b-9cbe-9579147f87e9,tramway.pizza,available,17.99,64.99,high,low,7,namesilo,,,17/09/2026 12:48
5eeb9b82-31dc-4ab8-891f-ce31507b6ff1,prosperous.pizza,available,5.98,83.98,high,low,10,namecheap,,,10/08/2026 19:19
5f2a4a34-6f53-4f3b-b4d1-69d5c45506f8,assouan.pizza,available,17.99,64.99,medium,low,7,namesilo,,,20/09/2026 16:37
45a9a693-5b68-461d-ac27-8c93d208529d,anew.pizza,available,5.98,83.98,high,low,4,namecheap,,,13/09/2026 18:03
a31d4895-eaf3-4f2f-a787-86be9a14440a,avalon.pizza,available,5.38,51.95,high,medium,6,spaceship,,,30/09/2026 05:08
708015d4-d1e4-4f06-b32e-fa55a328c7d0,blatant.pizza,available,5.98,83.98,medium,low,7,namecheap,,,10/08/2026 13:31
57a28ec4-d468-4493-8992-6ccacdbcd1fd,cornelius.pizza,available,17.99,64.99,high,low,9,namesilo,,,25/09/2026 15:10
6321b9bb-3105-435e-85f8-70593bf462b4,circa.pizza,available,5.38,51.95,high,low,5,spaceship,,,01/10/2026 22:24
62f325f2-5895-4de8-91cf-339cc5848b9a,compliment.pizza,available,17.99,64.99,high,low,10,namesilo,,,24/09/2026 16:50
be3639b2-a5d3-4aa2-b79a-13a6bb589e03,aloysius.pizza,available,17.99,64.99,high,low,8,namesilo,,,01/10/2026 08:41
a3ccb221-f337-4f09-9ae0-b133500c117f,employable.pizza,available,5.98,83.98,high,low,10,namecheap,,,16/08/2026 18:22
103b84bb-5cd7-4c8e-a116-81bcb56e52ba,mcwilliams.pizza,available,5.38,51.95,medium,low,10,spaceship,,,02/10/2026 01:12
fe134a99-bcbc-42de-a522-9daa647af2ac,vlad.pizza,available,17,,high,low,4,unstoppable,,,02/10/2026 00:50
9c9fe765-d2b6-48c5-935c-9a718be3baa3,pleading.pizza,available,5.98,83.98,medium,low,8,namecheap,,,09/08/2026 15:21
79c8bf00-64bd-4909-adf0-37b0c2183d79,cattie.pizza,available,5.98,83.98,medium,low,6,namecheap,,,11/08/2026 22:14
da1ab5dd-f333-46e5-b8d4-5bd474a02f44,combine.pizza,available,10.92,53.72,medium,low,7,dynadot,,,28/09/2026 13:39
ef3958d8-aced-480b-870c-4ae904cbdd37,udp.pizza,available,5.38,51.95,high,low,3,spaceship,,,30/09/2026 20:51
0e1ec0ed-3d41-417a-b046-985bad17698d,rapper.pizza,available,5.38,51.95,high,low,6,spaceship,,,30/09/2026 09:22
30779112-25df-46d1-99c1-aeafa9fd5e3d,coat.pizza,available,17.99,64.99,high,low,4,namesilo,,,29/09/2026 05:46
957bf640-9a11-4e85-a480-06183910f183,redeemable.pizza,available,5.98,83.98,high,low,10,namecheap,,,11/08/2026 20:14
5d89f681-715a-41b5-9ec4-5577e010dd73,untrained.pizza,available,5.98,83.98,medium,low,9,namecheap,,,12/09/2026 21:40
919be554-a8d8-437f-8bb5-5b9ae3107745,subsets.pizza,available,5.98,83.98,medium,low,7,namecheap,,,21/09/2026 01:05
4801d04c-8aa1-4cbe-92ef-75c4b56df876,understanding.pizza,available,17.99,64.99,high,low,13,namesilo,,,25/09/2026 11:47
7aeee027-f094-4cef-b1f9-2d5626eafe6d,apios.pizza,available,17.99,64.99,medium,low,5,namesilo,,,19/09/2026 17:25
a4db4bf7-2863-48fd-9178-0a57e52a618e,difficulties.pizza,available,5.98,83.98,high,low,12,namecheap,,,17/09/2026 21:37
e368f14a-7f0c-472b-baeb-c40b35c97821,cornell.pizza,available,10.92,53.72,medium,low,7,dynadot,,,29/09/2026 00:29
7f8f14b5-b8d2-436d-8549-1ef916cec5a4,undersexed.pizza,available,5.98,83.98,medium,low,10,namecheap,,,12/09/2026 07:31
2424da02-64ff-432a-bd33-275effdb2638,leibniz.pizza,available,50.2,50.2,medium,low,7,cloudflare,,,29/09/2026 01:06
bf529d83-5a4a-4b5a-af07-2ce001020750,infantile.pizza,available,5.98,83.98,medium,low,9,namecheap,,,12/08/2026 05:04
60e2c01a-5713-403b-ae1f-d25a8ee56e09,aloof.pizza,available,5.98,83.98,medium,low,5,namecheap,,,
75029a90-f1bb-4606-bff5-e3684537b5a0,pensive.pizza,available,5.98,83.98,medium,low,7,namecheap,,,11/08/2026 06:00
c423956b-082b-4130-97f8-68abdf68c6a1,coleman.pizza,available,5.98,83.98,high,low,7,namecheap,,,25/09/2026 15:48
81f316dd-cca9-4bee-8463-f606b3d41ffa,baste.pizza,available,17.99,64.99,high,low,5,namesilo,,,22/09/2026 12:43
818f390b-0def-4eb2-8894-c90be9d20d66,salim.pizza,available,5.98,83.98,high,low,5,namecheap,,,19/09/2026 04:37
595a0b4e-0cf5-40e2-b834-da6d690a4f7f,olivier.pizza,available,17.99,64.99,high,low,7,namesilo,,,22/09/2026 07:16
9bdf2a55-792b-4cb3-922c-8c82b4c3e08d,unbecoming.pizza,available,5.98,83.98,medium,low,10,namecheap,,,22/08/2026 02:19
2ab9e5b7-e736-4f33-9221-2efc320b962d,hilarious.pizza,available,5.98,83.98,high,low,9,namecheap,,,21/08/2026 09:21
2f9a4f1b-097c-4be7-913a-9254c88f3851,fontenoy.pizza,available,17.99,64.99,medium,low,8,namesilo,,,22/09/2026 15:04
4a5a7cd2-3552-4247-bf13-0078dd9015a8,bagatelle.pizza,available,5.98,83.98,medium,low,9,namecheap,,,21/09/2026 17:53
887aa0ff-19c0-4617-aa1c-d72e103fd78a,behest.pizza,available,17.99,64.99,high,low,6,namesilo,,,23/09/2026 03:29
661cf59d-dc95-40a9-865f-1fef678a842c,refuses.pizza,available,50.2,50.2,low,low,7,cloudflare,,,28/09/2026 09:00
3156797f-deb8-4f1a-8b66-ae73c4b80310,olfactory.pizza,available,5.98,83.98,high,low,9,namecheap,,,04/09/2026 02:12
1353e750-5c42-412d-b145-fb3ef51ebe04,primeval.pizza,available,5.98,83.98,high,low,8,namecheap,,,09/09/2026 02:02
e5cc0168-06be-4e7b-9172-6f4535dc0390,whitney.pizza,available,50.2,50.2,medium,low,7,cloudflare,,,28/09/2026 13:59
b4d154d7-4e4f-4acb-aab4-92db7d1267ff,adenovirus.pizza,available,19.99,84.99,medium,low,10,name.com,,,17/09/2026 07:41
54a6f873-d346-497f-8e6a-cf077ff1acb7,pea.pizza,available,17,,medium,low,3,unstoppable,,,28/09/2026 15:03
e9b67910-44c5-4d3f-b63d-41108869325e,aphelion.pizza,available,17.99,64.99,medium,low,8,namesilo,,,19/09/2026 16:55
4af4c8a5-811f-4d57-b13a-165ec1c31e8b,bannister.pizza,available,17.99,64.99,medium,low,9,namesilo,,,22/09/2026 00:23
7f9bacb3-f3cd-4fec-90dc-f909e498ec8c,soulful.pizza,available,5.98,83.98,high,low,7,namecheap,,,10/09/2026 14:42
2ab7fcb4-2ccf-4a28-aa17-14bd9026edd3,ayers.pizza,available,10.81,52.01,medium,low,5,porkbun,,,29/09/2026 09:56
ae2cb47f-f802-4435-bc0a-a89c2144c4fa,grid.pizza,available,5.98,83.98,high,medium,4,namecheap,,,24/09/2026 17:52
5cc633bf-792d-414e-9fb4-c9efc352e9c7,khyber.pizza,available,5.38,51.95,medium,low,6,spaceship,,,01/10/2026 04:47
92351ae8-3e82-461f-8114-92e505f001c5,willamette.pizza,available,17.99,64.99,medium,low,10,namesilo,,,27/09/2026 16:20
7667a558-5cfa-4c4f-8c28-4828e6680716,puzzlement.pizza,available,17.99,64.99,medium,low,10,namesilo,,,21/09/2026 17:39
88e2dd77-99c3-4fbb-8491-9bfe6df48507,leesburg.pizza,available,17.99,64.99,medium,low,8,namesilo,,,02/10/2026 00:14
dbc401db-36e4-46f3-94ab-ec93e3545ec3,portray.pizza,available,50.2,50.2,high,low,7,cloudflare,,,30/09/2026 11:22
2b8fecbe-1e7a-42e6-882f-69e90e6a6aef,unselected.pizza,available,5.98,83.98,medium,low,10,namecheap,,,12/09/2026 19:14
f4e60891-6fc5-4466-87c6-3c501acc4142,valladolid.pizza,available,17.99,64.99,medium,low,10,namesilo,,,29/09/2026 22:02
be9ed9ae-b590-4892-9b34-6dadc0b70f15,tearful.pizza,available,5.98,83.98,medium,low,7,namecheap,,,14/08/2026 15:35
ab15e331-c920-4edd-a9e8-225ec004919d,marina.pizza,premium,54.36,108.6,high,low,6,porkbun,,,29/09/2026 07:32
32029345-4ba2-48f6-8e67-a29301ba009d,bathsheba.pizza,available,5.98,83.98,medium,low,9,namecheap,,,22/09/2026 13:52
ff67ae77-cb3e-47b7-a008-8ffb0cd04658,manslaughter.pizza,available,5.98,83.98,medium,low,12,namecheap,,,28/09/2026 22:46
b85215ca-ce52-4c17-9717-5095f6fbb77b,entertainer.pizza,available,50.2,50.2,high,low,11,cloudflare,,,29/09/2026 20:49
f5aa853c-0c2a-482b-8280-1335d97a3876,banding.pizza,available,17.99,64.99,high,low,7,namesilo,,,22/09/2026 01:17
19155b91-8e07-4cfc-98ff-bb015cfba3e6,charily.pizza,available,5.98,83.98,medium,low,7,namecheap,,,14/09/2026 06:17
ab306aa3-ab27-40b3-9616-8f4a4609f206,penal.pizza,available,5.98,83.98,medium,low,5,namecheap,,,08/09/2026 13:51
79d1851c-86e5-4cc0-98e5-1738be8ee603,globular.pizza,available,5.98,83.98,high,low,8,namecheap,,,08/08/2026 10:06
b6d307f6-0208-4d64-a40f-48f70acefe59,bonnily.pizza,available,5.98,83.98,medium,low,7,namecheap,,,14/09/2026 01:04
53bc7463-9ce3-485f-ae5d-576f547bf24c,mato.pizza,available,17,,medium,low,4,unstoppable,,,01/10/2026 07:56
f4ca3ccb-1e30-4852-bfec-59241ffaa37c,policies.pizza,available,5.98,83.98,medium,low,8,namecheap,,,04/09/2026 07:55
7dde833e-b847-4021-a510-af9674859c75,bacterial.pizza,available,17.99,64.99,high,low,9,namesilo,,,22/09/2026 16:00
3a33c69c-8675-4e45-b7c1-fdf3dc23f051,corsican.pizza,available,5.98,83.98,high,low,8,namecheap,,,13/08/2026 02:33
2fd68c74-70c4-4a11-b893-59457556887f,dai.pizza,available,17.99,64.99,high,low,3,namesilo,,,26/09/2026 00:53
95a497e1-48c0-4057-a1e6-bc2e4ec990d4,throb.pizza,available,5.98,83.98,medium,low,5,namecheap,,,11/09/2026 14:49
1affd1bc-b686-444c-87ef-964c691d2560,illative.pizza,available,5.98,83.98,medium,low,8,namecheap,,,21/08/2026 19:47
356e64f4-6a4d-46b6-add3-7132b39c3b21,clara.pizza,available,17.99,64.99,high,low,5,namesilo,,,25/09/2026 13:33
51b980aa-f322-4a07-8127-3c57a7ae36a3,rooney.pizza,available,17.99,64.99,high,low,6,namesilo,,,27/09/2026 07:48
a34543de-dfb8-4696-a6e8-9e63289b7a89,fabulously.pizza,available,5.98,83.98,medium,low,10,namecheap,,,14/09/2026 17:19
c2491f3c-df14-4aaa-8a41-6911321ca83b,marblewood.pizza,available,17.99,64.99,medium,low,10,namesilo,,,19/09/2026 03:58
7831f09c-bc4d-4e86-886a-68f751c59cb1,thundering.pizza,available,5.98,83.98,high,low,10,namecheap,,,11/09/2026 15:14
019b1725-c7b6-437e-b047-12c40ce36eef,bataan.pizza,available,17.99,64.99,medium,low,6,namesilo,,,22/09/2026 13:10
0bc50f58-c44e-4350-8f8f-ffa17fa06096,threw.pizza,available,17.99,64.99,medium,low,5,namesilo,,,27/09/2026 02:18
9668600b-0d9f-4c2f-8c49-baff21663e61,encouragement.pizza,available,17.99,64.99,medium,low,13,namesilo,,,28/09/2026 22:35
5a45705f-da6e-4dbe-8566-1b80999f4d91,paid.pizza,available,5.98,83.98,high,low,4,namecheap,,,18/08/2026 19:32
9608a349-e8aa-4728-bbed-db8ec06dd409,biogenetic.pizza,available,5.98,83.98,medium,low,10,namecheap,,,10/08/2026 01:12
04234910-8d8d-4339-812d-a5883b5fbf75,unseasoned.pizza,available,5.98,83.98,medium,low,10,namecheap,,,12/09/2026 18:46
68a5cef7-97bb-45fe-bff5-89dd25559483,style.pizza,available,19.99,,high,low,5,name.com,,,
36262e61-81aa-42ed-9e7e-6e5505c7926f,absolution.pizza,available,5.98,83.98,high,low,10,namecheap,,,16/09/2026 17:57
5a4f3cbf-22e8-4291-baff-7dd2c693f0b2,flavorful.pizza,available,5.98,83.98,high,low,9,namecheap,,,18/08/2026 07:04
d04f29b1-28ed-4126-9f8e-0d76e1efa742,politician.pizza,available,17.99,64.99,high,low,10,namesilo,,,28/09/2026 10:44
c4d5de51-eda4-4ed3-8d21-ec2d6ef3ca7a,ripely.pizza,available,5.98,83.98,medium,low,6,namecheap,,,15/09/2026 23:48
cdfb6b76-bbb4-413f-89cd-119331ab126d,plantar.pizza,available,5.98,83.98,medium,low,7,namecheap,,,08/09/2026 20:50
11139ce6-f368-42de-b9a2-40c43228ef46,obese.pizza,available,17.99,64.99,medium,low,5,namesilo,,,23/09/2026 23:32
e2de83b5-0164-4710-8cb7-6ec6cecc754d,autumnal.pizza,available,5.98,83.98,medium,low,8,namecheap,,,07/08/2026 21:23
11078990-3006-484d-ae8a-eb6bea1f5774,aureate.pizza,available,17.99,64.99,medium,low,7,namesilo,,,22/09/2026 12:51
2a910ce2-31e9-455f-83b4-971c7648232b,packs.pizza,available,5.98,83.98,medium,low,5,namecheap,,,20/09/2026 13:29
76131c9e-ea5c-4da7-85e6-fdd55247578a,analphabet.pizza,available,5.98,83.98,medium,low,10,namecheap,,,
b099d3b4-ec2e-4723-aa17-c135471bfee8,lsd.pizza,available,17,,high,low,3,unstoppable,,,28/09/2026 06:12
1334d7e1-c12a-47b4-b002-c3f2413ef053,combs.pizza,available,5.38,51.95,high,low,5,spaceship,,,02/10/2026 00:48
d11a8487-4e07-4fc9-9e70-fb54d9197f59,eleanor.pizza,available,5.38,51.95,high,low,7,spaceship,,,28/09/2026 03:53
c11a0937-c7a1-4028-bd5f-ff0b677a28b9,replied.pizza,available,5.98,83.98,medium,low,7,namecheap,,,18/09/2026 01:09
727c5af7-30ca-478f-aebf-a8bb2efc2ae8,trim.pizza,available,5.98,83.98,high,low,4,namecheap,,,12/08/2026 10:14
f69798ca-a14f-4259-b8b7-94795d26698b,biscuit.pizza,available,5.98,83.98,high,low,7,namecheap,,,23/09/2026 21:32
a649c847-df2f-42a9-9118-6296d530f865,scotland.pizza,available,17.99,64.99,high,low,8,namesilo,,,27/09/2026 15:44
62bcffdb-45ff-4436-a822-39bdc475a060,ransom.pizza,available,17.99,64.99,medium,low,6,namesilo,,,27/09/2026 05:07
715df459-bfdf-4356-a32a-912c19ee5edf,oscine.pizza,available,5.98,83.98,medium,low,6,namecheap,,,04/09/2026 18:11
6f506611-06e3-4998-a59a-f232656d841d,mown.pizza,available,5.98,83.98,medium,low,4,namecheap,,,25/08/2026 09:14
6af47b98-cc71-4342-b0a1-790c9c4a3dbe,emotive.pizza,available,5.98,83.98,high,low,7,namecheap,,,
da0390a1-97d2-46f5-9b43-2699a6661f4b,entirety.pizza,available,17,,high,low,8,unstoppable,,,29/09/2026 18:15
4721779e-6c30-4d15-9180-e35f860a4549,heavy.pizza,available,17.99,64.99,high,low,5,namesilo,,,22/09/2026 07:40
e2fe133e-d41e-4f35-b465-48eeaa248891,moby.pizza,available,17.99,64.99,medium,low,4,namesilo,,,30/09/2026 04:05
96575603-36db-41a2-ab13-48f9b982bd3c,abridger.pizza,available,17.99,64.99,medium,low,8,namesilo,,,16/09/2026 14:35
55885311-04f7-4864-b1fd-91394a6853be,pert.pizza,available,5.98,83.98,high,low,4,namecheap,,,21/08/2026 22:15
e34ddc07-8945-4584-a6ad-13af58527836,straps.pizza,available,5.98,83.98,medium,low,6,namecheap,,,01/10/2026 14:01
615a1eb4-85a2-4da1-b24f-c329c9d303a0,auroral.pizza,available,5.98,83.98,medium,low,7,namecheap,,,22/09/2026 13:08
81d79407-071c-4785-89fa-45a7bc5872d3,brightness.pizza,available,5.38,51.95,high,low,10,spaceship,,,29/09/2026 04:19
bb93728d-b931-4e16-a5c2-89b4417167b2,acropetal.pizza,available,5.98,83.98,medium,low,9,namecheap,,,
fe8f30cb-c980-4583-9c9d-763c252c02f2,lawful.pizza,available,5.98,83.98,high,low,6,namecheap,,,22/08/2026 21:21
b1f0837b-00b6-4dc7-9010-c5182899dba1,examined.pizza,available,17.99,64.99,medium,low,8,namesilo,,,28/09/2026 08:42
4c311ae0-b385-4fa6-8fb5-06a8de430c75,polyphonic.pizza,available,5.98,83.98,medium,low,10,namecheap,,,08/09/2026 23:27
3ca2de12-bdf9-4ebb-8fd0-7e199d8ebeb5,desecrated.pizza,available,5.98,83.98,medium,low,10,namecheap,,,14/08/2026 03:18
a711c3d7-e8a9-418a-bda3-fbdcac8bf04b,corded.pizza,available,5.98,83.98,medium,low,6,namecheap,,,13/08/2026 00:57
ea1621ca-6954-4170-9dba-33a4b1a56505,amusing.pizza,available,5.98,83.98,high,low,7,namecheap,,,
e755b5ba-52c8-4abf-8711-8994ae86c2af,adenoid.pizza,available,5.98,83.98,medium,low,7,namecheap,,,
b4e23e85-707e-43a1-8cb8-13502cd33c2a,tuscany.pizza,available,5.38,51.95,high,low,7,spaceship,,,27/09/2026 16:08
16c33536-0a79-41fb-bce8-53859c18247c,hicks.pizza,available,50.2,50.2,medium,low,5,cloudflare,,,28/09/2026 12:48
8c31df73-7e78-4fbe-9ace-958c4e8e8d1c,expedite.pizza,available,50.2,50.2,high,low,8,cloudflare,,,30/09/2026 19:31
39fc2c14-955e-4823-9246-92811d1ee3ce,sequential.pizza,available,5.98,83.98,high,low,10,namecheap,,,10/09/2026 04:27
d8214111-1310-43cf-a0f0-115f5d5291b9,bastards.pizza,available,17.99,64.99,medium,low,8,namesilo,,,29/09/2026 11:17
5fbff020-e0be-4bf8-9278-ba0016062baf,meat.pizza,available,5.98,83.98,high,low,4,namecheap,,,14/09/2026 23:51
6b207cb2-fa26-4451-bafe-1d2b08d1ec97,counselling.pizza,available,17.99,64.99,high,low,11,namesilo,,,17/09/2026 12:13
ca835b31-3314-48d2-8b88-60ca0b673869,smoother.pizza,available,17,,medium,low,8,unstoppable,,,02/10/2026 04:38
ff361457-c954-4147-8323-84639b7f24ba,copesetic.pizza,available,5.98,83.98,medium,low,9,namecheap,,,13/08/2026 00:22
9ac90b24-9ad8-4b15-808a-eb38ea5010fb,primary.pizza,available,17.99,64.99,high,low,7,namesilo,,,27/09/2026 05:41
959e6169-05fc-4a16-9f33-490335c0e919,corrosive.pizza,available,5.98,83.98,medium,low,9,namecheap,,,13/08/2026 02:07
f051008f-e668-46a5-bb8c-86e2212fa15b,deducible.pizza,available,5.98,83.98,medium,low,9,namecheap,,,13/08/2026 22:25
62b57371-17b4-4c27-bf27-dd853b227be3,equid.pizza,available,5.98,83.98,medium,low,5,namecheap,,,17/08/2026 11:47
2e852b20-e85f-4c8e-aa8e-5348cb868520,unbeaten.pizza,available,5.98,83.98,high,low,8,namecheap,,,12/09/2026 01:45
f0548e01-afc6-41b0-932c-8ffa08ab7fa1,latex.pizza,available,17.99,64.99,high,low,5,namesilo,,,29/09/2026 13:16
269c62a1-ca4e-4740-8339-6573deb69f1e,composting.pizza,available,17.99,64.99,high,low,10,namesilo,,,01/10/2026 00:25
a2b81ec4-7241-4f6a-a7b5-efd5e0fcabf8,seyhan.pizza,available,17.99,64.99,medium,low,6,namesilo,,,17/09/2026 06:19
9000964c-072a-46e9-a00d-ffcdfec1ff75,layman.pizza,available,5.98,83.98,medium,low,6,namecheap,,,10/09/2026 01:24
c92b4c42-6fc4-45ef-89b2-9d9eba8af909,baneful.pizza,available,5.98,83.98,low,low,7,namecheap,,,08/08/2026 09:44
8da1e161-a9a7-493c-bd35-ab4855940f6f,whenever.pizza,available,19.99,,medium,low,8,name.com,,,
072f11be-7b05-4a40-be95-c1feaf6f7730,thief.pizza,available,17.99,64.99,high,low,5,namesilo,,,30/09/2026 11:55
e74d2404-890c-4a0e-9cf1-73bd395f305f,braky.pizza,available,5.98,83.98,low,low,5,namecheap,,,11/08/2026 01:57
d741f852-33b3-4491-b3d9-9841cb3c5512,pelvic.pizza,available,5.98,83.98,high,low,6,namecheap,,,08/09/2026 13:42
7c16e6cd-339e-46c3-a4d2-a4336ff0f9c3,legitimacy.pizza,available,5.98,83.98,high,low,10,namecheap,,,21/09/2026 05:07
52f335ed-ba69-418a-a0b8-f915e40a761e,feldman.pizza,available,5.38,51.95,medium,low,7,spaceship,,,27/09/2026 20:17
7147c0da-faf7-4cef-b42a-1c8a9a3ffb99,northbound.pizza,available,5.98,83.98,high,low,10,namecheap,,,03/09/2026 21:29
ed51dd64-ba3c-48df-988f-f0ac0357f539,animus.pizza,available,17.99,64.99,medium,low,6,namesilo,,,19/09/2026 09:22
7e6ec29a-046e-4c04-8fef-682bad87808b,pma.pizza,available,17.99,64.99,high,low,3,namesilo,,,01/10/2026 23:33
2897bfaf-2b51-45fe-858b-4e8154734b6d,horary.pizza,available,5.98,83.98,medium,low,6,namecheap,,,21/08/2026 13:58
9f8c3136-49ab-40a1-81e8-8fefccdd73f4,ignores.pizza,available,5.38,51.95,low,low,7,spaceship,,,02/10/2026 03:56
7c805c51-8b16-4baf-8ced-baf12af712bd,assonance.pizza,available,17.99,64.99,medium,low,9,namesilo,,,20/09/2026 16:32
24238f8c-c191-409d-9595-c061734ed143,prudence.pizza,available,5.38,51.95,high,low,8,spaceship,,,30/09/2026 16:43
7018e922-374a-44ec-ae2c-56e33a9e8fb5,permits.pizza,available,17,,medium,low,7,unstoppable,,,28/09/2026 23:51
2ca4290c-7c92-432b-bd60-9144c30f33e7,investigative.pizza,available,17.99,64.99,medium,low,13,namesilo,,,29/09/2026 08:53
bfadcdea-f3fa-40fb-92a5-a865fd2151b2,colleges.pizza,available,17,,medium,low,8,unstoppable,,,29/09/2026 05:34
7d2593f7-fb01-4774-a056-a1173535b8a0,feminist.pizza,available,5.98,83.98,high,low,8,namecheap,,,18/08/2026 01:02
0fe1078d-f1e2-4bc0-b6dd-17bba32d37d0,worded.pizza,available,17.99,64.99,medium,low,6,namesilo,,,20/09/2026 15:04
3142ae5c-b283-4641-b339-3378366d12b7,scam.pizza,available,5.98,83.98,high,low,4,namecheap,,,14/09/2026 08:03
64a2b6a7-f769-4994-b8ca-9541181ab4a2,maidstone.pizza,available,5.38,51.95,medium,low,9,spaceship,,,01/10/2026 08:27
5f27dc50-4055-43f0-8442-c7b774592c1f,rapist.pizza,available,50.2,50.2,high,low,6,cloudflare,,,30/09/2026 10:57
79002a8b-7398-4867-8607-e32ba740c98d,nonskid.pizza,available,5.98,83.98,medium,low,7,namecheap,,,03/09/2026 20:36
2083ae76-8b34-4ea3-bac1-2a1cd8bc5aa5,styles.pizza,available,5.38,51.95,high,low,6,spaceship,,,28/09/2026 22:23
ce35cfc7-bf9d-4188-a7b4-04e07a269c1b,absolutism.pizza,available,5.98,83.98,medium,low,10,namecheap,,,16/09/2026 18:00
646a334e-49fc-4034-9ec7-20279a1b3476,argyle.pizza,available,17.99,64.99,high,low,6,namesilo,,,20/09/2026 04:57
711c163c-9e17-4f84-8257-95a5779bf208,busch.pizza,available,17.99,64.99,medium,low,5,namesilo,,,27/09/2026 03:12
937fa3a9-50e7-42ce-9a82-3777963c1a7e,put.pizza,available,17.99,64.99,high,low,3,namesilo,,,25/09/2026 13:13
90c43373-e7cc-40ff-9c82-5ca863dc0121,magnetic.pizza,available,5.98,83.98,high,low,8,namecheap,,,12/08/2026 02:32
5f254840-3ed0-46f2-9f6b-8433d67c01f4,programs.pizza,available,17.99,64.99,medium,low,8,namesilo,,,28/09/2026 08:58
cbe4125d-1a69-4105-8641-6dba98f97dfd,beasts.pizza,available,10.92,53.72,low,low,6,dynadot,,,28/09/2026 23:05
19044f08-fd9c-489a-bf35-9a2cbe5b08c8,someday.pizza,available,10.92,53.72,high,low,7,dynadot,,,28/09/2026 22:28
b735b912-f9b8-4709-b0df-74e48ca0bca1,roaming.pizza,available,17.99,64.99,high,low,7,namesilo,,,30/09/2026 23:48
fdce9df2-3733-4e5d-bdb4-3ca1e468f5bc,ted.pizza,premium,36.32,72.57,high,low,3,porkbun,,,30/09/2026 12:54
e796d97e-4405-46fd-b70c-5f7d6928fe8a,tellurian.pizza,available,5.98,83.98,medium,low,9,namecheap,,,11/09/2026 10:37
626717c3-20cb-41f6-baf0-4543087bec4e,formative.pizza,available,5.98,83.98,high,low,9,namecheap,,,18/08/2026 12:07
9149c51d-dce3-4f20-a1ca-391a25a585ac,aubergine.pizza,available,17.99,64.99,high,low,9,namesilo,,,21/09/2026 02:33
3d30e183-503a-4267-8bcf-9d4ce78bd351,inherit.pizza,available,5.38,51.95,high,low,7,spaceship,,,28/09/2026 20:51
62bfce7e-2793-489c-837f-57273e5b8246,hogg.pizza,available,17,,medium,low,4,unstoppable,,,01/10/2026 02:37
c45db826-687d-4dff-8d38-f34e52bcf00f,stub.pizza,available,17.99,64.99,high,low,4,namesilo,,,24/09/2026 13:57
b8698a2b-aa8e-4983-996d-19f9e49c151d,gimcrack.pizza,available,5.98,83.98,medium,low,8,namecheap,,,18/08/2026 06:39
ceca7d5c-b835-44bb-826c-164c9da3ed47,scales.pizza,available,17.99,64.99,high,low,6,namesilo,,,29/09/2026 09:18
cfa9bafe-3fcc-43b4-b735-6b2e9f9a5b35,parts.pizza,available,5.98,83.98,high,low,5,namecheap,,,25/09/2026 09:47
590a1782-114b-4414-af06-b78847af76f6,fha.pizza,available,17.99,64.99,medium,low,3,namesilo,,,30/09/2026 17:17
00fef6f0-7f4c-4ade-a48c-f1e944e889fb,scrutiny.pizza,available,17,,high,low,8,unstoppable,,,30/09/2026 01:34
30469556-d46f-473e-814f-10679cb66a05,reverie.pizza,available,17.99,64.99,high,low,7,namesilo,,,17/09/2026 21:59
1289d461-a90a-4967-8b0e-132c9f9cb423,innsbruck.pizza,available,10.81,52.01,medium,low,9,porkbun,,,29/09/2026 07:21
d89ab0f9-f0bd-4458-981a-fc5a51af45e1,unfree.pizza,available,5.98,83.98,medium,low,6,namecheap,,,12/09/2026 10:43
89982adc-f43e-4936-8957-7329a5866b0e,dizzily.pizza,available,5.98,83.98,medium,low,7,namecheap,,,14/09/2026 13:29
ada5d271-43d7-4b35-bd0a-39c1c7a2eebc,fin.pizza,premium,242,242,high,low,3,namesilo,,,
8d3ec1f5-cb34-45c5-8821-a435ee7708b0,blacking.pizza,available,17.99,64.99,medium,low,8,namesilo,,,24/09/2026 02:49
37f0a96a-8dea-42d5-9ead-81d9e7c96d63,craggy.pizza,available,5.98,83.98,medium,low,6,namecheap,,,13/08/2026 04:44
4514ee28-3331-407b-8d2b-9948418f5b1e,arabs.pizza,available,5.38,51.95,medium,low,5,spaceship,,,29/09/2026 11:16
b969e9fd-3077-4ad5-9dce-b3badec5eb94,appetizing.pizza,available,5.98,83.98,high,low,10,namecheap,,,06/08/2026 06:45
8cf40ac7-36ba-4e07-b2e7-9cb22e9640dc,covering.pizza,available,5.38,51.95,high,low,8,spaceship,,,29/09/2026 11:54
2802a44d-323a-4ac3-ab15-24b78b70a284,matey.pizza,available,5.98,83.98,medium,low,5,namecheap,,,12/08/2026 07:40
d3f33ba0-da31-46d8-9fe1-5e40d6d312ac,rending.pizza,available,5.98,83.98,medium,low,7,namecheap,,,09/09/2026 13:57
78569761-288d-4dd6-9bb9-b090b05f9d21,unsold.pizza,available,5.98,83.98,medium,low,6,namecheap,,,12/09/2026 20:17
1dcab5d5-877a-462e-abaf-10fc716b7c35,storyteller.pizza,available,17,,high,low,11,unstoppable,,,01/10/2026 22:37
c22f1340-9c0e-444e-b50b-e161d3d7cba8,intimidate.pizza,available,5.38,51.95,high,low,10,spaceship,,,29/09/2026 20:44
c368a259-b3ee-4ab5-b804-f2b3a6007ceb,accredited.pizza,available,17.99,64.99,high,low,10,namesilo,,,21/09/2026 15:54
a14f6509-10ba-48d3-b5c6-f7df938d3fae,innately.pizza,available,5.98,83.98,medium,low,8,namecheap,,,15/09/2026 08:27
dc4224e0-5a4a-4850-b633-b338438a5944,like.pizza,resell,,,high,medium,4,Dynadot Inc,10/06/2026 20:49,10/06/2027 20:49,26/09/2026 07:14
4ec2a516-cf40-4c62-9d7e-f5260445a301,spock.pizza,available,17.99,64.99,high,low,5,namesilo,,,23/09/2026 08:25
1ca85624-49b2-49b8-a4e3-4531259c382b,monk.pizza,available,5.98,83.98,high,low,4,namecheap,,,25/08/2026 04:11
1b7d1703-d035-42be-bd03-886692084fcd,idealized.pizza,available,5.98,83.98,high,low,9,namecheap,,,21/08/2026 17:58
1c97b136-3698-47cd-b896-e5886b4757a1,islamic.pizza,available,5.98,83.98,high,low,7,namecheap,,,22/08/2026 10:50
d1600e42-2faa-4ea9-a7ac-9bf6f7596bd7,bedframe.pizza,available,17.99,64.99,medium,low,9,namesilo,,,22/09/2026 23:17
f2487c07-c28f-40a9-8353-f3ad8cf486da,gyrate.pizza,available,5.98,83.98,medium,low,6,namecheap,,,10/09/2026 15:51
7c8b2fb0-8ada-462a-8a2c-559bce577b9f,lavinia.pizza,available,50.2,50.2,high,low,7,cloudflare,,,30/09/2026 05:09
bd0020e1-2a68-42d2-b5cc-2a510b1592be,knicks.pizza,available,5.38,51.95,high,low,6,spaceship,,,30/09/2026 13:14
f3f7347e-1d38-46b0-8333-74347b5d0944,chilly.pizza,available,5.98,83.98,high,low,6,namecheap,,,12/08/2026 05:30
59061874-c872-4aa0-a780-36fc5563950b,varicella.pizza,available,5.98,83.98,medium,low,9,namecheap,,,24/09/2026 14:29
3bf46740-32aa-433f-9822-3cc6400f3435,chock.pizza,available,5.98,83.98,medium,low,5,namecheap,,,14/09/2026 06:47
3fafa895-13be-4bee-8f06-ae96779bfd2b,copper.pizza,available,17.99,64.99,high,low,6,namesilo,,,20/09/2026 22:44
3a5bae2f-226c-4fc0-95a1-b9808273adf4,coached.pizza,available,17.99,64.99,medium,low,7,namesilo,,,02/10/2026 03:59
aa3694e0-1f40-434a-af20-7d73584afc7d,converting.pizza,available,17.99,64.99,medium,low,10,namesilo,,,29/09/2026 23:06
2d9c92ff-1d2f-4473-8790-dcb9ceffac80,cardwell.pizza,available,17.99,64.99,high,low,8,namesilo,,,02/10/2026 00:42
29f5abf0-a219-4ef9-b77f-cb5d215d554d,aus.pizza,premium,102.67,102.67,high,low,3,spaceship,,,27/09/2026 18:53
3eb0e626-8476-40c9-adbc-525ee0fab63e,solving.pizza,available,10.81,52.01,high,low,7,porkbun,,,29/09/2026 02:13
7f2df06c-d82d-475e-8e03-343f2614b1cb,mckinley.pizza,available,17.99,64.99,high,low,8,namesilo,,,25/09/2026 04:51
f0c8a109-d3e2-44ec-8306-dde5ab9dd28b,onionskin.pizza,available,5.98,83.98,medium,low,9,namecheap,,,18/08/2026 08:17
421d90fd-f40c-4b9d-bbd6-11ddcecb151d,kristin.pizza,available,5.38,51.95,medium,low,7,spaceship,,,29/09/2026 03:57
5ca935d3-969c-482c-8146-3a663c44209e,thales.pizza,available,5.38,51.95,high,low,6,spaceship,,,01/10/2026 21:55
7d0e9a52-af7a-4aa2-8491-a7094e38b74a,extraneous.pizza,available,5.98,83.98,medium,low,10,namecheap,,,17/08/2026 19:20
ea6d6ddd-37ca-4d93-8ee9-ecaaabf6a5d3,scrutinise.pizza,available,19.99,84.99,medium,low,10,name.com,,,21/09/2026 03:07
e4421234-5d7e-4ec1-a3f2-6e506333e605,bambusa.pizza,available,17.99,64.99,medium,low,7,namesilo,,,22/09/2026 00:41
9443f344-1160-4f0a-bf5c-4715d0f159e4,wickedly.pizza,available,5.98,83.98,medium,low,8,namecheap,,,14/09/2026 16:40
dd4a7e5b-1282-4c5d-bef8-95fec93992ab,meg.pizza,premium,78.54,78.54,high,low,3,namesilo,,,24/08/2026 23:20
89cdf3aa-b6b0-435d-b519-4d650f57b9a1,cme.pizza,available,5.38,51.95,high,low,3,spaceship,,,01/10/2026 23:50
d975c9a2-1dd3-41fb-a8d8-1bbe8543342a,buddhist.pizza,available,5.98,83.98,high,low,8,namecheap,,,11/08/2026 07:39
ebfd8427-8f71-43e3-8c27-935dc4363973,broadway.pizza,premium,118.8,118.8,high,low,8,namesilo,,,24/09/2026 10:38
00414021-4a72-4143-9d1e-f481c1c3ee38,grinning.pizza,available,17.99,64.99,high,low,8,namesilo,,,27/09/2026 23:14
34f2c5ec-cf6a-422e-a32b-bba8bc0dca1a,astounding.pizza,available,5.98,83.98,high,low,10,namecheap,,,22/09/2026 10:29
4dbd0019-29d9-4536-8bb2-b4ebe49f21f8,beanstalk.pizza,available,5.98,83.98,high,low,9,namecheap,,,22/09/2026 20:43
ac791373-39d5-44b8-97dc-2e74fe04f5ec,altaic.pizza,available,5.98,83.98,medium,low,6,namecheap,,,
1ba84afb-e372-4663-a0a1-9438221801b2,successful.pizza,available,19.99,111.99,high,low,10,godaddy,,,28/09/2026 01:49
c9a788fb-dda0-4bb6-88f5-215fdc57735d,contribute.pizza,available,10.81,52.01,high,low,10,porkbun,,,28/09/2026 06:58
481f0faa-d9aa-4fa3-9c64-86cec818e0fa,affluence.pizza,available,17,,high,low,9,unstoppable,,,28/09/2026 19:21
dee80944-d645-4dba-909e-010262aefbd5,disposal.pizza,available,17.99,64.99,high,low,8,namesilo,,,17/09/2026 08:43
7e2f2698-ded3-484e-b5f7-2cc4dc0c8eb1,extent.pizza,available,5.38,51.95,high,low,6,spaceship,,,28/09/2026 05:39
8523a9b3-a1e2-4bbb-81da-fdbd9fa44374,showers.pizza,available,17.99,64.99,medium,low,7,namesilo,,,28/09/2026 23:39
a41ad713-c01e-4e18-896e-15e013af4167,curved.pizza,available,5.98,83.98,high,low,6,namecheap,,,13/08/2026 11:47
f015f36b-56f0-43c0-b72f-ab274f8e4da0,tannish.pizza,available,5.98,83.98,medium,low,7,namecheap,,,11/09/2026 08:03
eedef960-d378-46a7-92d4-9d766d3e1790,birkenhead.pizza,premium,78.54,78.54,medium,low,10,namesilo,,,01/10/2026 08:22
133fc98a-c9d3-4afa-899a-eb8dbf582f84,doable.pizza,available,17.99,64.99,high,low,6,namesilo,,,21/09/2026 15:46
eec6fc15-d2d0-46d0-a7ea-265fbffa9137,frustrate.pizza,available,17.99,64.99,medium,low,9,namesilo,,,24/09/2026 12:25
0aaaff83-cf3c-4f61-addd-ef3568ce797f,knocker.pizza,available,17.99,64.99,medium,low,7,namesilo,,,24/09/2026 22:02
f5020ad5-2b88-4f07-a759-51cdac44f07f,overblown.pizza,available,5.98,83.98,medium,low,9,namecheap,,,04/09/2026 20:19
465e8f11-2df1-48db-8fe8-0faeaf10a236,warhead.pizza,available,10.81,52.01,medium,low,7,porkbun,,,30/09/2026 18:18
1c1ecf3c-9f66-4308-9d86-bcb7cf2eb845,anabaptist.pizza,available,17.99,64.99,medium,low,10,namesilo,,,19/09/2026 00:49
c9de52f7-6b51-4a05-9462-246cc1b603bd,cowardice.pizza,available,5.98,83.98,medium,low,9,namecheap,,,24/09/2026 18:57
b6113f72-9ebf-4516-b435-63b64bc1b539,ejection.pizza,available,50.2,50.2,medium,low,8,cloudflare,,,01/10/2026 01:50
dcee2c3d-3d52-41a0-a1d5-ed38008d82d7,wisely.pizza,available,5.98,83.98,high,low,6,namecheap,,,16/09/2026 00:29
b31f64f3-5e2d-48ac-97d7-e3822c3f429c,crash.pizza,available,17.99,64.99,high,low,5,namesilo,,,29/09/2026 09:51
d6ff6544-968c-41c7-b7df-f0b4dc12b31e,dalian.pizza,premium,102.67,102.67,high,low,6,spaceship,,,01/10/2026 19:10
6cdc1ead-599e-4fc0-b231-d8adf1833cc8,screens.pizza,available,5.38,51.95,medium,low,7,spaceship,,,01/10/2026 17:23
d9a6d9fc-4559-4fc7-981d-d9ae47186246,bodacious.pizza,available,5.98,83.98,high,low,9,namecheap,,,10/08/2026 16:42
80fd7274-ac1f-4a56-8a24-8808eff9099f,pledged.pizza,available,17.99,64.99,high,low,7,namesilo,,,27/09/2026 04:12
8b5167d9-ae64-4789-924b-d75eb02ca08d,outlet.pizza,available,5.38,51.95,high,low,6,spaceship,,,29/09/2026 17:56
6b7940a4-4b92-44c7-a4b7-74973df74a97,banished.pizza,available,17,,medium,low,8,unstoppable,,,29/09/2026 16:26
013f0a53-43b2-4ee5-837b-7cd6c221d7d8,viewable.pizza,available,5.98,83.98,high,low,8,namecheap,,,13/09/2026 05:37
8bb1bb16-194d-4e99-95a4-63bf98ba73da,accentuate.pizza,available,5.98,83.98,high,low,10,namecheap,,,16/09/2026 21:56
52610714-a33d-4def-b07c-a32fbb478508,activated.pizza,available,17.99,64.99,high,low,9,namesilo,,,21/09/2026 16:32
a12ffd48-9b8f-4c33-ad8b-8f7a26f9726e,ethnicity.pizza,available,17.99,64.99,high,low,9,namesilo,,,01/10/2026 01:57
67dc892f-3da2-4794-ae94-020b9c9cec95,mutely.pizza,available,5.98,83.98,medium,low,6,namecheap,,,15/09/2026 15:47
ce8e0d93-a091-4fe3-9835-45f402771795,gingerly.pizza,available,5.98,83.98,medium,low,8,namecheap,,,18/08/2026 23:55
1dbf0b5c-6879-48be-85a1-9aaa1592545d,harbin.pizza,available,10.81,52.01,medium,low,6,porkbun,,,29/09/2026 22:05
25dc8de4-d0b1-48f5-8d09-4be307f1c8d3,abaft.pizza,available,5.98,83.98,low,low,5,namecheap,,,
7872f37d-a04f-4060-a97d-7aa46820d4d8,definable.pizza,available,5.98,83.98,medium,low,9,namecheap,,,13/08/2026 23:28
bac4c891-ef98-4e22-aa9d-d68dd496fa14,majority.pizza,available,17.99,64.99,high,low,8,namesilo,,,28/09/2026 17:11
6ca71602-f75b-43a0-a357-d878a0233080,judson.pizza,available,17.99,64.99,medium,low,6,namesilo,,,28/09/2026 12:13
8a557d84-67a4-492e-bf52-be0dcacc8237,antoine.pizza,available,17.99,64.99,high,low,7,namesilo,,,25/09/2026 14:52
21abae82-2325-4e34-a64a-651ddabc88f7,reviews.pizza,premium,242,242,medium,low,7,namesilo,,,28/09/2026 23:12
99a3d95f-7931-4d40-85f4-5cccd2cd69d7,hierarchy.pizza,available,50.2,50.2,high,low,9,cloudflare,,,30/09/2026 10:07
928323d0-3717-4c1c-a108-26ab1deb5814,concepcion.pizza,available,5.98,83.98,medium,low,10,namecheap,,,02/10/2026 04:26
01bd9315-661b-4f11-91d2-25bd8bdd59b5,cyclosis.pizza,available,5.98,83.98,medium,low,8,namecheap,,,10/09/2026 22:24
7dc64bb4-330a-41c2-ad88-f3196c9b6a6c,clothes.pizza,available,17.99,64.99,high,low,7,namesilo,,,28/09/2026 21:50
7e495caa-07a4-45dc-895a-20f35d594834,adopt.pizza,available,17.99,64.99,high,low,5,namesilo,,,28/09/2026 03:18
6fae6f80-bc43-4e56-a5a7-48158d817cec,camels.pizza,available,50.2,50.2,medium,low,6,cloudflare,,,30/09/2026 15:26
6e2236a6-fb7a-4fec-982a-e1f481b2153c,cub.pizza,available,5.98,83.98,high,low,3,namecheap,,,24/09/2026 20:02
91966234-58ec-4e1e-b37c-205d5fd7012b,lhasa.pizza,available,17.99,64.99,high,low,5,namesilo,,,24/09/2026 12:27
222b68f4-fca2-44e3-b868-5c5d8559d105,faculties.pizza,available,50.2,50.2,medium,low,9,cloudflare,,,30/09/2026 22:50
67e295c3-02cf-4404-8aec-69cf7d70f50b,throws.pizza,available,17.99,64.99,medium,low,6,namesilo,,,19/09/2026 00:51
87636e20-3d02-4f6e-894c-544c2345397d,syriac.pizza,available,5.98,83.98,high,low,6,namecheap,,,28/09/2026 03:24
53ac5e92-9711-4726-bd87-09b24be9da1c,yon.pizza,available,5.98,83.98,medium,low,3,namecheap,,,13/09/2026 14:47
4ea54eb1-843d-480f-aee1-52233fea15a9,wears.pizza,available,17.99,64.99,medium,low,5,namesilo,,,17/09/2026 10:43
16ba119c-8e52-4267-b456-37973d71f41b,arithmetic.pizza,available,10.92,53.72,high,low,10,dynadot,,,29/09/2026 07:54
2170ce63-33ec-48c7-9944-1c8aafcd2e4d,shear.pizza,available,10.92,53.72,medium,low,5,dynadot,,,30/09/2026 11:04
b70b3937-c29e-4386-bf17-57302e5e26fb,hurrying.pizza,available,5.98,83.98,medium,low,8,namecheap,,,21/08/2026 15:47
947ddf1b-cf12-4872-916e-cb92151398d5,supermarkets.pizza,available,10.81,52.01,medium,low,12,porkbun,,,02/10/2026 03:57
3fbf58f1-3d8b-4b22-8550-ed4ff31fd34d,gerard.pizza,available,17.99,64.99,medium,low,6,namesilo,,,25/09/2026 13:17
ecfdb915-aea2-4c4f-bb7c-03c0c6e6bc93,sisterly.pizza,available,5.98,83.98,high,low,8,namecheap,,,10/09/2026 08:52
25baee85-5521-4eeb-ba31-c025aa81deff,potpourri.pizza,available,5.98,83.98,medium,low,9,namecheap,,,25/08/2026 08:24
75266df9-1926-437c-a574-11ef7d2f08ee,gowns.pizza,available,5.98,83.98,low,low,5,namecheap,,,01/10/2026 18:12
bd10686d-f2ff-48fe-9c17-66b0c81e6e1c,living.pizza,available,5.98,83.98,high,low,6,namecheap,,,25/09/2026 14:05
9e97cd6d-8394-4826-bf20-1ae797e66956,facade.pizza,available,50.2,50.2,high,low,6,cloudflare,,,30/09/2026 09:35
3cf34fb0-0f8c-4717-b64a-606c32a627ce,attorneys.pizza,available,17.99,64.99,medium,low,9,namesilo,,,28/09/2026 13:24
4ccb7c9b-1dfe-44ac-98fc-8d8193bb3027,sacking.pizza,available,19.99,84.99,medium,low,7,name.com,,,21/09/2026 18:04
78a5a3eb-4f6b-44ec-9604-6fe97fb7e1ac,mazda.pizza,available,17.99,64.99,high,low,5,namesilo,,,28/09/2026 16:04
5276fe2a-8df7-448a-841e-8067df215431,donaldson.pizza,available,17.99,64.99,medium,low,9,namesilo,,,27/09/2026 01:45
2280882e-2456-4310-9c38-38eaa163822a,rufous.pizza,available,50.2,50.2,high,low,6,cloudflare,,,29/09/2026 22:57
fb98898a-98d0-4311-b957-50d973f07124,jumentous.pizza,available,5.98,83.98,low,low,9,namecheap,,,22/08/2026 14:21
07626d36-8be7-4a38-8070-a6b0043e5c63,onslow.pizza,available,17.99,64.99,medium,low,6,namesilo,,,02/10/2026 01:05
05bb5c50-dbba-484e-b065-b3d85c082ace,framed.pizza,available,5.98,83.98,high,low,6,namecheap,,,18/08/2026 14:04
db1be571-6573-47c0-979f-00c918123038,sri.pizza,premium,,,high,low,3,,,,30/09/2026 12:46
5b5a5a80-00db-4682-93ad-c97d6b0fad69,griffon.pizza,available,17.99,64.99,medium,low,7,namesilo,,,23/09/2026 05:02
dc783b1e-b97c-467f-9c18-cbaca79bd023,tomorrows.pizza,available,17.99,64.99,medium,low,9,namesilo,,,21/09/2026 09:58
3c184564-3fbb-4e6b-9aba-8d35051a0bea,requirement.pizza,available,5.98,83.98,high,low,11,namecheap,,,01/10/2026 04:08
d60cc630-0a50-4fb8-b5a8-23ac863d3864,berger.pizza,available,5.38,51.95,medium,low,6,spaceship,,,29/09/2026 04:23
bc2a4c1e-8a7b-4800-ad3b-05b94f40a6a7,rapturous.pizza,available,5.98,83.98,high,low,9,namecheap,,,14/08/2026 23:48
f8ed0f3f-1825-4bba-81ab-21eeb8f2955e,supervision.pizza,available,17,,high,low,11,unstoppable,,,28/09/2026 22:58
72a3511a-5947-49cf-a44a-2af75f68b86e,transfer.pizza,premium,512,512,high,low,8,namesilo,,,19/09/2026 03:42
e5f43658-fdc7-4ed2-8f1e-f525250aed83,interception.pizza,available,5.38,51.95,high,low,12,spaceship,,,01/10/2026 13:24
3f792acc-0c79-4847-81bc-c5663e07aefb,laughing.pizza,available,17.99,64.99,high,low,8,namesilo,,,25/09/2026 16:41
2c8bdee9-b4c2-4d2f-8237-2b65506e9889,carla.pizza,available,17.99,64.99,high,low,5,namesilo,,,27/09/2026 07:21
771a7eed-0564-4c64-a466-9cc47b4d27ef,calvinist.pizza,available,5.98,83.98,medium,low,9,namecheap,,,11/08/2026 15:24
d67b9e75-3f5c-4c1d-a07b-707a0d2b469d,billionaire.pizza,available,17,,high,low,11,unstoppable,,,30/09/2026 03:33
43cf6d10-986f-498f-b8b0-bb4a24cedbc7,elect.pizza,available,5.98,83.98,high,low,5,namecheap,,,16/08/2026 02:30
ef54e172-6b78-4f94-b572-a0f2563953d5,liturgical.pizza,available,5.98,83.98,medium,low,10,namecheap,,,24/08/2026 07:40
df84b3b3-1747-4d17-9059-6ed2e25c5536,cephalopod.pizza,available,5.98,83.98,medium,low,10,namecheap,,,12/08/2026 00:21
d35dba34-b057-40c6-9bf0-953f6e541f85,immoderate.pizza,available,5.98,83.98,medium,low,10,namecheap,,,21/08/2026 21:07
131252c9-9211-429c-beaf-b8b39b8cef3c,austen.pizza,available,17.99,64.99,high,low,6,namesilo,,,21/09/2026 04:37
29550554-1e35-40b3-b895-f71bfc0b8d14,indiscrete.pizza,available,5.98,83.98,medium,low,10,namecheap,,,22/08/2026 03:09
121c8493-9d39-4dc5-ae30-5ede8a45722c,dorothea.pizza,available,5.38,51.95,medium,low,8,spaceship,,,28/09/2026 07:54
8a2a5d54-ae77-41c0-b49d-20ae05f1f3e4,regular.pizza,available,17.99,64.99,high,low,7,namesilo,,,27/09/2026 11:38
7a8a93b2-ed0c-4546-bcf9-524c62aef597,fellows.pizza,available,17.99,64.99,medium,low,7,namesilo,,,25/09/2026 13:03
d2693f9e-a019-4756-91f3-e395554c7509,bacchus.pizza,available,5.98,83.98,high,low,7,namecheap,,,21/09/2026 14:02
d0abde46-b3a0-4d4c-a118-d16089807634,dulcet.pizza,available,5.98,83.98,medium,low,6,namecheap,,,14/08/2026 20:59
b475263f-92e9-4a50-8dcf-d06aeee246ec,modernized.pizza,available,17.99,64.99,high,low,10,namesilo,,,19/09/2026 17:17
783931bc-f1a9-4e53-8b3b-2f140fbaec35,passengers.pizza,available,17.99,64.99,medium,low,10,namesilo,,,27/09/2026 02:28
e77dbe7a-ffd7-4ef1-9ee8-276de4a99196,windflower.pizza,available,17.99,64.99,high,low,10,namesilo,,,19/09/2026 05:19
4eef147f-604f-4342-b0ef-3ff2a38169b4,skinny.pizza,premium,118.8,118.8,high,low,6,namesilo,,,12/08/2026 04:01
b463a76e-2b95-4f3f-b786-335b49413b53,rutty.pizza,available,5.98,83.98,medium,low,5,namecheap,,,09/09/2026 20:24
4c7c2862-0a8a-4423-ba3f-ce11d442374e,cowardly.pizza,available,5.98,83.98,medium,low,8,namecheap,,,13/08/2026 04:07
3ecf26a1-0a72-496b-b403-f24ef8f49a55,keaton.pizza,available,5.38,51.95,medium,low,6,spaceship,,,30/09/2026 00:55
fc8925d6-9c91-4f39-8e2e-0832594ec8ec,enticing.pizza,available,17.99,64.99,high,low,8,namesilo,,,22/09/2026 01:41
33422ec8-2396-434d-876e-35ceadbdbc3a,messianic.pizza,available,5.98,83.98,high,low,9,namecheap,,,24/08/2026 21:22
bb289852-130f-42c0-814a-8e42175a77a6,juice.pizza,available,17,,high,low,5,unstoppable,,,30/09/2026 01:04
e45f00a9-a8d5-4877-a0bd-6379d5bf23cf,bedevil.pizza,available,5.98,83.98,medium,low,7,namecheap,,,14/08/2026 21:15
4f573d50-2664-4471-bcaf-24ae952cd55d,argil.pizza,available,17.99,64.99,medium,low,5,namesilo,,,20/09/2026 04:20
e91edb47-0661-4549-9812-88f1121723cf,winthrop.pizza,available,5.38,51.95,high,low,8,spaceship,,,27/09/2026 19:50
6eef91b2-af06-4e18-9ee9-0ef5e7072b47,keegan.pizza,available,17.99,64.99,medium,low,6,namesilo,,,30/09/2026 00:49
048df724-fde2-4571-aa4f-b8807fa58dd6,salacity.pizza,available,17.99,64.99,medium,low,8,namesilo,,,22/09/2026 16:54
946169e7-7b40-49ff-94bf-a8328226329a,commit.pizza,available,17,,high,low,6,unstoppable,,,30/09/2026 17:30
8864b8f3-8091-4ee3-9d7b-45fc50875f48,suffering.pizza,available,5.98,83.98,high,low,9,namecheap,,,25/08/2026 01:27
c91da8fd-cacc-40af-be27-82e7b383c0f1,clerical.pizza,available,5.98,83.98,high,low,8,namecheap,,,12/08/2026 10:48
62969d43-b955-488a-97dd-e35cbb85b00a,sls.pizza,available,5.38,51.95,high,low,3,spaceship,,,30/09/2026 18:39
da7081fb-c02b-4255-868d-b12b3c8159be,decorate.pizza,available,17,,high,low,8,unstoppable,,,29/09/2026 00:38
dbc7f18f-9de3-43a1-af69-223122f0f707,flick.pizza,available,5.98,83.98,high,low,5,namecheap,,,29/09/2026 06:54
3b2c4477-beb8-4e7b-a4e8-4e80b513618a,blackout.pizza,available,17.99,64.99,high,low,8,namesilo,,,18/09/2026 22:20
b3472f26-1562-4d33-8122-2ff5d492be8d,lackluster.pizza,available,5.98,83.98,medium,low,10,namecheap,,,22/08/2026 18:07
e273c3fb-f7b4-4e20-b279-87703b730151,easter.pizza,available,17.99,64.99,high,low,6,namesilo,,,24/09/2026 13:11
77f227b9-e326-46ec-8b89-b7249d7a692e,emo.pizza,premium,,,high,low,3,,,,01/10/2026 04:45
1e1f82d6-291b-40bb-8a77-f01f599e7b50,congenital.pizza,available,5.98,83.98,high,low,10,namecheap,,,12/08/2026 21:40
2e54da5e-330a-4250-a48c-6f09299f1e9c,bouffant.pizza,available,5.98,83.98,high,low,8,namecheap,,,10/08/2026 21:32
0dddbd9a-f35c-4953-8d9d-b83b927c96d8,view.pizza,available,17,,high,medium,4,unstoppable,,,29/09/2026 18:48
7ea59630-f3c2-4720-9d9e-9cac29025dcf,personnel.pizza,available,10.92,53.72,high,low,9,dynadot,,,27/09/2026 15:14
c6efd229-470c-4f11-ab74-d3d62ce76d0a,labour.pizza,available,17.99,64.99,medium,low,6,namesilo,,,29/09/2026 04:26
f3ba4c0c-87e6-43fe-9240-cf45c9cd8f81,plays.pizza,available,17.99,64.99,medium,low,5,namesilo,,,18/09/2026 05:50
4810583e-29e6-4a59-bc41-88eac6b27a4b,patiently.pizza,available,5.98,83.98,medium,low,9,namecheap,,,15/09/2026 19:20
066bfd88-c52e-4eb2-9d4c-db3f7c7346c1,bawdy.pizza,available,5.98,83.98,medium,low,5,namecheap,,,09/08/2026 02:05
84fbaa56-92ad-4d3b-9120-6db07aa0d31f,haggard.pizza,available,5.98,83.98,medium,low,7,namecheap,,,10/08/2026 18:56
0ecda480-c2b0-4305-9587-c73e5e01eeb2,neighbors.pizza,available,5.98,83.98,high,low,9,namecheap,,,18/09/2026 09:55
bc0b6c65-f31e-48d0-8750-c19c0fb5080c,aswan.pizza,available,17.99,64.99,medium,low,5,namesilo,,,20/09/2026 16:34
de13369b-3252-48e4-a22c-61601d6731d4,sketchy.pizza,available,5.98,83.98,high,low,7,namecheap,,,10/09/2026 09:18
896e5cad-83e5-4fbb-b819-1a6fa89191bc,tree.pizza,available,5.38,51.95,high,medium,4,spaceship,,,30/09/2026 11:12
47cdd8e0-b1c6-43ba-916d-d32d6c6cc0b4,clubable.pizza,available,5.98,83.98,medium,low,8,namecheap,,,12/08/2026 12:57
b86b7d51-9351-4bda-ba26-301f03dc58db,christoph.pizza,available,17,,medium,low,9,unstoppable,,,28/09/2026 12:39
1f3e914a-06ce-4a93-a382-b8cf3f17f73f,published.pizza,available,17.99,64.99,high,low,9,namesilo,,,27/09/2026 07:35
ec32c921-adc3-43e7-9d67-d2ba312d474f,angelo.pizza,premium,78.54,78.54,high,low,6,namesilo,,,25/09/2026 16:57
c25b64d3-3814-4cfc-aba0-85353b6c374e,abrasive.pizza,available,5.98,83.98,high,low,8,namecheap,,,
cfef46e5-29a8-4187-9103-a4dcbf65d627,odour.pizza,available,17.99,64.99,high,low,5,namesilo,,,20/09/2026 08:26
0f593cbd-f77f-4545-a23b-e03288dec058,aip.pizza,available,50.2,50.2,high,low,3,cloudflare,,,01/10/2026 07:20
4cb613b9-889e-432d-a9dc-f6798c75268c,rehabs.pizza,available,5.98,83.98,medium,low,6,namecheap,,,20/09/2026 09:43
551ae902-5db3-4af8-a8dc-2a337f910179,draining.pizza,available,5.98,83.98,medium,low,8,namecheap,,,14/08/2026 18:19
3a8e66f8-ad0a-44e1-b3b6-1e7816667869,worms.pizza,available,10.81,52.01,medium,low,5,porkbun,,,28/09/2026 03:50
aa480820-e5cf-4072-ab88-4f6ae7c482c1,lightless.pizza,available,5.98,83.98,medium,low,9,namecheap,,,23/08/2026 04:36
b70f9879-7d2e-4d69-b7f7-5c8d67cbc5c8,production.pizza,available,5.98,83.98,high,low,10,namecheap,,,19/09/2026 18:56
dd8069db-9431-448c-93b7-42488e0331fd,wording.pizza,available,17.99,64.99,high,low,7,namesilo,,,29/09/2026 08:51
e765190a-72b3-4ac8-8f2a-05bb2b3cedd5,heidi.pizza,available,17,,high,low,5,unstoppable,,,28/09/2026 16:18
6b677ba1-3c7a-486a-985e-e23277c7bc31,disruption.pizza,available,5.98,83.98,high,low,10,namecheap,,,24/09/2026 16:35
5b742157-f1aa-4338-9ab0-8b9541dad085,pursue.pizza,available,5.38,51.95,high,low,6,spaceship,,,28/09/2026 06:57
badf9e5d-69e4-4121-9e22-43a93477cd7e,lyme.pizza,available,5.38,51.95,medium,low,4,spaceship,,,28/09/2026 21:33
777dd8a6-abfb-4812-bf61-5dfc10b30d32,alertness.pizza,available,17.99,64.99,high,low,9,namesilo,,,18/09/2026 05:27
043d7f9d-dafc-45ee-93f9-de7eb6c93c9d,adolf.pizza,available,17.99,64.99,medium,low,5,namesilo,,,29/09/2026 23:45
ccf804e9-5489-4e84-8161-2498d371357c,alienism.pizza,available,17.99,64.99,medium,low,8,namesilo,,,18/09/2026 07:34
bd1c21a6-accd-4a67-9aab-3d0fc1d03729,use.pizza,premium,78.54,78.54,high,low,3,namesilo,,,29/09/2026 17:38
4447047b-7f15-4272-b7f9-96270b7e2554,saves.pizza,available,17,,medium,low,5,unstoppable,,,28/09/2026 09:04
e6ca4959-2d5f-46bb-b598-0f7ffe05ed73,monatomic.pizza,available,5.98,83.98,medium,low,9,namecheap,,,25/08/2026 04:12
dd8b1e7f-976e-4b88-b5ba-97fc9f4843c7,colosseum.pizza,available,17.99,64.99,high,low,9,namesilo,,,18/09/2026 23:29
90e8695b-b7ef-4206-8d4f-2e2cf5058e5f,peed.pizza,available,17.99,64.99,medium,low,4,namesilo,,,18/09/2026 08:17
874ca1b2-d3e8-49c4-9e47-0f9ee62d2bdf,moire.pizza,available,5.98,83.98,medium,low,5,namecheap,,,25/08/2026 03:26
e7be176d-b050-4dc7-8761-5f527e7a5b1d,ochre.pizza,available,5.98,83.98,high,low,5,namecheap,,,04/09/2026 00:33
2433312b-8795-4122-8e46-f331e2f05aef,personals.pizza,available,5.98,83.98,medium,low,9,namecheap,,,08/09/2026 05:02
9225618c-a02c-40d8-bbc3-72c01023dbf3,cordell.pizza,available,10.92,53.72,medium,low,7,dynadot,,,01/10/2026 12:03
700cb1c6-3419-46bc-b708-667007fe35ef,solidus.pizza,available,17.99,64.99,high,low,7,namesilo,,,23/09/2026 12:18
d2a09e0c-c418-4539-8b11-db0aa04087e2,hollering.pizza,available,17.99,64.99,medium,low,9,namesilo,,,23/09/2026 06:21
52b95b47-68ff-457a-a4e5-314ddded580f,asset.pizza,available,5.38,51.95,high,low,5,spaceship,,,01/10/2026 02:31
9d73c6b3-e4d9-45d3-8803-86c63456b258,influenced.pizza,available,50.2,50.2,high,low,10,cloudflare,,,01/10/2026 20:19
33a0d720-0a59-47cd-8ea0-f372488a20eb,coalesced.pizza,available,5.98,83.98,medium,low,9,namecheap,,,
43afc159-ea54-4195-92ce-85fc6d2ec068,reference.pizza,available,17,,high,low,9,unstoppable,,,28/09/2026 18:25
9bf5de16-6849-43bb-a52d-f0c45fdd3ddf,blackwater.pizza,available,19.99,84.99,medium,low,10,name.com,,,24/09/2026 03:24
b1e5d17a-67ef-4e3f-b49c-c8e8849c1c46,successfully.pizza,available,17.99,64.99,high,low,12,namesilo,,,01/10/2026 05:17
44fc6102-dbf0-472a-9e8c-61ec735a3774,assembly.pizza,available,17.99,64.99,high,low,8,namesilo,,,20/09/2026 16:09
7531ab63-3c17-4bf0-9e9c-c23d38b26d09,struggle.pizza,available,17.99,64.99,high,low,8,namesilo,,,29/09/2026 09:49
bd2967d9-3fa5-4358-b34e-2da239ec60aa,jimmie.pizza,available,17.99,64.99,medium,low,6,namesilo,,,28/09/2026 17:18
68d2ba1d-c444-4866-b625-e493d0eb2451,gear.pizza,available,17.99,64.99,high,low,4,namesilo,,,28/09/2026 21:58
8254bb4d-67c8-455a-addf-a78e128bd931,begins.pizza,available,5.98,83.98,medium,low,6,namecheap,,,25/09/2026 20:45
7274d9e1-8865-4d59-be30-8efc99b9b446,rigil.pizza,available,17.99,64.99,medium,low,5,namesilo,,,18/09/2026 13:35
9e4e1daa-8b0c-4226-8f7c-d3b00d6fa18c,berk.pizza,available,17.99,64.99,medium,low,4,namesilo,,,23/09/2026 09:31
a7205218-bca5-4648-af42-685bef3a6633,scarf.pizza,available,17,,high,low,5,unstoppable,,,28/09/2026 20:23
a07f8a24-e235-4037-aad9-c0d7fec9765a,arius.pizza,available,17.99,64.99,medium,low,5,namesilo,,,20/09/2026 06:03
f8409c93-dceb-423f-85a2-14855359bca7,davison.pizza,available,5.38,51.95,high,low,7,spaceship,,,28/09/2026 04:10
61f36825-7c8f-42d1-a7dd-67dfb64fd84b,promising.pizza,available,17.99,64.99,high,low,9,namesilo,,,27/09/2026 07:28
d066c25d-f1b0-417c-8fec-97b42a88c42c,programming.pizza,available,5.38,51.95,high,low,11,spaceship,,,28/09/2026 12:38
70a59c74-3ad2-457c-b924-436670d0108a,divisible.pizza,available,5.98,83.98,high,low,9,namecheap,,,14/08/2026 13:57
bf4f5cb2-db7a-49a9-9fcf-87fbb4ff1c7c,rocker.pizza,available,17,,high,low,6,unstoppable,,,30/09/2026 10:59
0210238d-0a7f-474c-a6d6-26d67c368151,awaiting.pizza,available,5.38,51.95,low,low,8,spaceship,,,28/09/2026 17:49
d91b4b1b-cad0-451b-bce5-8b1e8384d787,upbeat.pizza,available,5.98,83.98,high,low,6,namecheap,,,04/09/2026 01:23
ee2de092-c810-45ca-b8b1-a6b4a9998ce6,snoop.pizza,available,5.38,51.95,high,low,5,spaceship,,,01/10/2026 21:43
a5c6008d-e6e2-4553-a4e4-718f9a8f1dc6,contamination.pizza,available,17,,medium,low,13,unstoppable,,,29/09/2026 22:52
e1004928-91e4-43d0-9417-2a3d4a925498,beneficiary.pizza,available,5.38,51.95,high,low,11,spaceship,,,30/09/2026 03:53
176ee834-3859-40bd-b0f9-bc4169dc8191,wyrd.pizza,available,5.98,83.98,medium,low,4,namecheap,,,13/09/2026 10:11
869119c4-b001-4fae-ae05-fb1f319a39d9,motherlike.pizza,available,5.98,83.98,medium,low,10,namecheap,,,25/08/2026 07:04
d9b87141-b7fb-402d-87db-98c819b0161c,conclusion.pizza,available,17,64.99,high,low,10,unstoppable,,,30/09/2026 14:56
08407b6a-4a2a-4b5d-82fd-e4832119230d,satisfied.pizza,available,17.99,64.99,high,low,9,namesilo,,,27/09/2026 09:14
ea525256-a3c0-41e2-a77f-98405ffaacfc,panoptic.pizza,available,5.98,83.98,medium,low,8,namecheap,,,
13e9cb7c-972b-46b4-ae66-c7b565d56ac0,melodic.pizza,available,5.98,83.98,high,low,7,namecheap,,,24/08/2026 19:41
1dd5db42-3968-4446-a3c9-24f38c5902e1,three.pizza,available,17.99,64.99,high,low,5,namesilo,,,21/09/2026 13:02
6de58844-9a7c-43c6-bc9d-0b94fe5bb96b,gaynor.pizza,available,17,,medium,low,6,unstoppable,,,02/10/2026 00:11
1aa71697-a652-44f5-9aaa-6a6dd1c1e914,dashingly.pizza,available,5.98,83.98,medium,low,9,namecheap,,,14/09/2026 10:41
5452165f-3a5a-4c66-b08d-b59b9bedbbfd,symptoms.pizza,available,5.38,51.95,medium,low,8,spaceship,,,27/09/2026 22:08
58c3e5dd-4186-4531-bccd-67c3d22e2049,feathered.pizza,available,5.98,83.98,high,low,9,namecheap,,,18/08/2026 00:19
2caf9d6f-5548-429c-9fbe-bebff53862cb,gareth.pizza,available,50.2,50.2,high,low,6,cloudflare,,,29/09/2026 21:28
0cf7020b-19e9-4a4c-adf1-99438413c320,tipperary.pizza,available,50.2,50.2,medium,low,9,cloudflare,,,29/09/2026 09:36
5816066c-4ff8-45e9-9290-1803b1448c8f,ovate.pizza,available,5.98,83.98,medium,low,5,namecheap,,,15/08/2026 18:03
de86f7db-2db8-4472-ae28-fffa41653ca5,windshield.pizza,available,17,,high,low,10,unstoppable,,,29/09/2026 14:08
d92c258c-724e-434e-9273-18eace54a344,sample.pizza,available,17.99,64.99,high,low,6,namesilo,,,25/09/2026 10:33
938aca1d-3ac5-4cfc-a944-cb8ea7220990,flashily.pizza,available,5.98,83.98,medium,low,8,namecheap,,,14/09/2026 18:54
54e89295-ba97-4a48-bd3b-29565d25fdac,breckenridge.pizza,available,17.99,64.99,medium,low,12,namesilo,,,01/10/2026 11:00
e7db55fc-a2c8-4af4-98cd-fe9a898c9764,wealthily.pizza,available,5.98,83.98,medium,low,9,namecheap,,,16/09/2026 11:21
78a9b293-82c2-47a4-a551-e8623b9431ff,watchful.pizza,available,5.98,83.98,high,low,8,namecheap,,,
8b0c673b-fdfa-4e34-9b4f-b7e6e5e32164,juror.pizza,available,5.38,51.95,high,low,5,spaceship,,,01/10/2026 20:11
7b77f0e4-11c5-4fc1-92b4-d012b2baf16e,wharf.pizza,available,10.92,53.72,high,low,5,dynadot,,,30/09/2026 06:43
0bca3ccf-ab88-4c06-a8d3-535fd17fd94a,wallachia.pizza,available,17.99,64.99,medium,low,9,namesilo,,,01/10/2026 23:44
16b0d7eb-136e-4adf-b4b3-015da73f93fe,perfected.pizza,available,5.98,83.98,high,low,9,namecheap,,,27/09/2026 03:35
bea16a22-2a35-47a1-bc1f-e3c38ee73bd7,bourne.pizza,available,17.99,64.99,medium,low,6,namesilo,,,30/09/2026 08:47
019b8a62-d895-4d83-8805-c26bf3939389,allentown.pizza,available,17.99,64.99,medium,low,9,namesilo,,,18/09/2026 10:52
9a476c65-7dd8-4aa4-b113-2b941af4c29a,agromania.pizza,available,5.98,83.98,medium,low,9,namecheap,,,17/09/2026 19:38
f4615bd5-b7d0-489c-b9a0-59d17b372bc3,whistler.pizza,available,17.99,64.99,high,low,8,namesilo,,,30/09/2026 00:54
76cebf76-4b36-4f83-a096-f21c0136bbb2,integrate.pizza,available,5.98,83.98,high,low,9,namecheap,,,01/10/2026 17:05
90487ab3-dd7d-45e7-a9d1-dc746e8bcd0f,eas.pizza,available,50.2,50.2,high,low,3,cloudflare,,,30/09/2026 09:27
6185a33e-ca04-4562-8bf4-6acaa9145d7f,sichuan.pizza,available,17.99,64.99,medium,low,7,namesilo,,,28/09/2026 15:21
bfea66f1-1875-4387-9446-efbeee62754b,teaches.pizza,available,17,,medium,low,7,unstoppable,,,28/09/2026 08:58
ccf1805e-fe57-4c31-8e3e-e1fbf8419387,hitch.pizza,available,5.98,83.98,medium,low,5,namecheap,,,20/08/2026 22:55
d9bdc98b-2046-4c1f-9a15-42aeda4986ed,scrape.pizza,available,5.98,83.98,high,low,6,namecheap,,,16/09/2026 16:59
8b1037b4-8f0a-47eb-b4a4-fb103363fa92,swelled.pizza,available,5.98,83.98,medium,low,7,namecheap,,,11/09/2026 05:38
943369b0-c19c-4bb2-926a-4b7a06b40e8a,episodic.pizza,available,5.98,83.98,medium,low,8,namecheap,,,17/08/2026 11:11
a11f7949-ef48-4d54-b3a7-13397e986464,coital.pizza,available,5.98,83.98,low,low,6,namecheap,,,12/08/2026 16:22
89f16499-b3fc-41d9-a3cc-171ff4e4a2aa,sarkar.pizza,available,5.38,51.95,medium,low,6,spaceship,,,01/10/2026 23:28
6ae8b02f-f586-4696-a043-7467f7464f1c,wander.pizza,available,17.99,64.99,high,low,6,namesilo,,,28/09/2026 01:37
67f0073d-29f8-4438-b9c1-83ee7e2f61ae,wylie.pizza,available,17.99,64.99,medium,low,5,namesilo,,,28/09/2026 13:59
1f961bc3-37b2-4ee0-8ae2-2dd586feca5e,pansy.pizza,available,5.98,83.98,medium,low,5,namecheap,,,09/09/2026 08:07
d8d463e3-ee97-4212-864f-5c80b93429f9,epidural.pizza,available,5.98,83.98,high,low,8,namecheap,,,17/08/2026 10:52
fc5901f7-12c9-4604-956f-23f2051f8102,within.pizza,available,17.99,64.99,high,low,6,namesilo,,,28/09/2026 16:47
4e724df8-d125-4e96-b57f-f50abec93685,disgusting.pizza,available,5.98,83.98,medium,low,10,namecheap,,,14/08/2026 10:32
d2cbeddd-21e2-4916-ae00-40695186e7d3,burgoyne.pizza,available,5.38,51.95,medium,low,8,spaceship,,,30/09/2026 16:31
b7287fc9-27f2-46c5-a034-124763e071f9,graph.pizza,available,5.38,51.95,high,low,5,spaceship,,,29/09/2026 21:30
d175f7a8-b05e-431b-91ec-f40a4f5abbdb,biryani.pizza,available,17.99,64.99,high,low,7,namesilo,,,23/09/2026 20:44
7f14e71a-af10-4226-8a48-ac6dc261bf08,bethel.pizza,available,17.99,64.99,medium,low,6,namesilo,,,23/09/2026 11:13
c5416a61-6c92-4356-beb1-5fdc8ece8650,acquiesce.pizza,available,17.99,64.99,medium,low,9,namesilo,,,20/09/2026 16:11
c775d64f-b2e1-4948-8f49-236d5ce28d87,vladivostok.pizza,available,17,,high,low,11,unstoppable,,,29/09/2026 15:13
c42dffb4-8a8e-4777-b0e0-95919920ebfa,astasia.pizza,available,17.99,64.99,medium,low,7,namesilo,,,20/09/2026 16:54
b246874f-97e7-4906-abed-4299a0139dd0,adobo.pizza,available,17.99,64.99,high,low,5,namesilo,,,17/09/2026 09:29
6a219bc1-9dd0-4259-977b-85f31cbec837,unsaid.pizza,available,5.98,83.98,medium,low,6,namecheap,,,12/09/2026 09:43
f3a44144-0a44-4af4-9ea5-d7b0eeb1c204,negligence.pizza,available,17.99,64.99,high,low,10,namesilo,,,29/09/2026 07:40
9270ae76-e637-4b0f-b6fd-47c150cb0c2e,solvent.pizza,available,17.99,64.99,high,low,7,namesilo,,,19/09/2026 16:47
c42f11c5-64eb-4ca4-ac53-c938e4ddd261,agnatha.pizza,available,5.98,83.98,medium,low,7,namecheap,,,17/09/2026 18:31
8669e0ae-e2dd-4409-be85-6471dc9025ad,cooker.pizza,available,5.98,83.98,high,low,6,namecheap,,,24/09/2026 18:03
7701cf3a-a1fc-4a1f-aa15-da44ea0e55ff,salaries.pizza,available,50.2,50.2,medium,low,8,cloudflare,,,30/09/2026 07:09
eada4a08-bc06-41bd-b163-3a852896520e,taxonomy.pizza,available,17.99,64.99,high,low,8,namesilo,,,30/09/2026 03:01
4dfef4f3-0b92-47d8-ba52-f870c0d48d53,ozarks.pizza,available,50.2,50.2,medium,low,6,cloudflare,,,01/10/2026 03:12
fd721091-8dd1-4022-98b8-d48b23cc01cf,whiny.pizza,available,5.98,83.98,medium,low,5,namecheap,,,09/09/2026 08:37
4bb6047c-0417-4372-9df0-1abf084b7da6,master.pizza,premium,118.8,118.8,high,low,6,namesilo,,,25/09/2026 17:15
6c365a4d-901f-4d37-b3e5-cc0f66234fd2,chunk.pizza,available,17.99,64.99,medium,low,5,namesilo,,,29/09/2026 06:21
e3fee2fe-341b-4246-9709-d47d01595077,jocular.pizza,available,5.98,83.98,medium,low,7,namecheap,,,22/08/2026 12:57
0f041579-68e0-42d3-8b17-07182563a812,andalusia.pizza,available,17.99,64.99,high,low,9,namesilo,,,19/09/2026 03:57
76ba0ad4-c9db-4d79-b69b-d3f198da362c,autogyro.pizza,available,17.99,64.99,medium,low,8,namesilo,,,21/09/2026 06:23
96e3c4bd-264e-4112-9513-d5f6de2e5a5d,sawmill.pizza,available,17.99,64.99,high,low,7,namesilo,,,02/10/2026 05:40
149ec885-cf56-4ab2-b9a3-46153038731f,defy.pizza,available,17.99,64.99,high,low,4,namesilo,,,29/09/2026 20:41
1c8111dd-44ab-44ec-975d-a5f981b7dc59,totaled.pizza,available,50.2,50.2,medium,low,7,cloudflare,,,28/09/2026 09:24
c33dbf41-2ad8-4cfb-85d2-aec406c79201,faded.pizza,available,17.99,64.99,high,low,5,namesilo,,,22/09/2026 11:25
a1bc254d-0d35-4a08-b671-02c1ca19cbc0,ethical.pizza,available,17.99,64.99,high,low,7,namesilo,,,19/09/2026 14:49
7cfd4684-fc50-46f9-99a7-9165b68f2184,pros.pizza,premium,242,242,medium,low,4,namesilo,,,20/09/2026 10:26
c26d328c-192b-48c2-9231-fc214b923086,botched.pizza,available,5.98,83.98,medium,low,7,namecheap,,,10/08/2026 20:51
710593d8-a19d-472f-ba54-357ce19994fe,prideful.pizza,available,5.98,83.98,medium,low,8,namecheap,,,17/08/2026 19:48
66795157-95e3-4614-b13b-61f57bdad848,jonesboro.pizza,available,17.99,64.99,medium,low,9,namesilo,,,01/10/2026 02:47
70553359-ed44-4149-b697-2d42ab0c143d,norvasc.pizza,available,5.98,83.98,medium,low,7,namecheap,,,18/09/2026 21:58
55da8017-f9fd-47e5-89c5-c62cc85447c2,upstairs.pizza,available,17.99,64.99,high,low,8,namesilo,,,28/09/2026 09:59
a9043518-9b46-43a9-b4e9-b559054e0c72,mats.pizza,available,17,,high,low,4,unstoppable,,,30/09/2026 14:06
7554653a-4b13-41ba-8129-75c107b6aa4b,arbitrager.pizza,available,17.99,64.99,medium,low,10,namesilo,,,20/09/2026 00:30
09666987-726a-4e21-ab35-3ba4c345bf22,pumped.pizza,available,50.2,50.2,high,low,6,cloudflare,,,29/09/2026 03:14
1b11a56f-3cef-45e7-af04-9d79822b06d9,kurds.pizza,available,5.38,51.95,medium,low,5,spaceship,,,28/09/2026 05:10
fa36753b-d4b6-487d-99ba-8b75d90a5791,parhelic.pizza,available,5.98,83.98,medium,low,8,namecheap,,,08/09/2026 01:31
bcbc3596-ebca-48d6-b146-c892359ec101,imprecise.pizza,available,5.98,83.98,medium,low,9,namecheap,,,21/08/2026 23:00
2e6e433e-41d8-4f2b-be22-da5e820aaee1,azonal.pizza,available,5.98,83.98,medium,low,6,namecheap,,,08/08/2026 02:27
e0022921-e106-42b0-9e9d-f81987fe9e46,woodville.pizza,available,50.2,50.2,medium,low,9,cloudflare,,,30/09/2026 22:08
e9b9c902-6c8a-42cb-ad42-e04fec3097b0,renaissance.pizza,available,17,,high,low,11,unstoppable,,,29/09/2026 02:57
d03f11b5-6537-4d5d-aea9-c116f59e317c,confederation.pizza,available,5.38,51.95,medium,low,13,spaceship,,,01/10/2026 22:47
4bffac32-0a47-44fb-9744-bb19f14e3678,crypt.pizza,available,5.98,83.98,high,low,5,namecheap,,,24/09/2026 19:58
5c96a07d-f89a-47a6-9f8c-8fb570fc860e,statuesque.pizza,available,5.98,83.98,medium,low,10,namecheap,,,22/08/2026 14:32
cef2d91f-e830-4938-adb5-8040ef0270a4,bickering.pizza,available,17.99,64.99,medium,low,9,namesilo,,,23/09/2026 13:12
43bdfc06-0646-4a96-b05c-0cfed1cf471e,anaclitic.pizza,available,5.98,83.98,medium,low,9,namecheap,,,
a648b1b1-55f4-4c80-a043-9b4392cef408,selfesteem.pizza,available,17.99,64.99,high,low,11,namesilo,,,30/09/2026 06:09
e9cde46f-ba8d-4bac-ac15-1c439dc6d908,poured.pizza,available,17.99,64.99,medium,low,6,namesilo,,,18/09/2026 02:28
b567454d-fb03-4852-8a0e-5067e261fec6,soon.pizza,available,17,,high,low,4,unstoppable,,,28/09/2026 13:25
94933a44-8970-4b52-b8a6-c3538293c3e9,washes.pizza,available,17.99,64.99,medium,low,6,namesilo,,,20/09/2026 04:54
7a88bb2c-bc37-4e41-ad8d-f732139f16a0,bombing.pizza,available,50.2,50.2,medium,low,7,cloudflare,,,27/09/2026 11:45
177bfbe1-6b28-49dc-b798-1661c59603f4,dci.pizza,available,50.2,50.2,high,low,3,cloudflare,,,02/10/2026 04:33
09de3cc9-4f00-43fc-b75d-fd52865b2bb9,mortuary.pizza,available,5.98,83.98,medium,low,8,namecheap,,,25/08/2026 06:40
b3d67008-6407-4e78-8160-4e7d098e1af5,geodesic.pizza,available,5.98,83.98,high,low,8,namecheap,,,18/08/2026 22:23
593d5d08-944d-480e-928f-0147b471e4ad,picayune.pizza,available,5.98,83.98,medium,low,8,namecheap,,,18/08/2026 03:37
55b9f6f9-ed81-425f-a1b1-ee3cbc2f4b3f,songs.pizza,available,5.98,83.98,high,low,5,namecheap,,,25/09/2026 19:03
df6cedd1-5094-4b24-8e0a-0add867a6c66,equipped.pizza,available,17.99,64.99,high,low,8,namesilo,,,24/09/2026 14:45
3cfd8924-8bd7-4120-bf6e-21f1bd249f04,jeffers.pizza,available,5.38,51.95,high,low,7,spaceship,,,02/10/2026 05:29
0237927d-4689-4a8f-be6a-b0725b22af0e,iain.pizza,available,17,,medium,low,4,unstoppable,,,29/09/2026 15:22
1b90b439-d7e2-4b93-99a8-a6d1fccead65,penultima.pizza,available,5.98,83.98,medium,low,9,namecheap,,,08/09/2026 15:14
25892469-0ce2-4a56-83a9-99e11fbc6bb3,chelmsford.pizza,premium,,,medium,low,10,,,,29/09/2026 15:25
795aa541-86ae-49fe-abd3-27cc66de8c34,vacation.pizza,available,10.81,52.01,high,low,8,porkbun,,,29/09/2026 22:55
86efcb47-88a9-48cd-82ff-660c4230f62b,adventures.pizza,available,17.99,64.99,high,low,10,namesilo,,,18/09/2026 17:22
f0e0fc64-9ace-48a1-889a-958ec5ca3a48,ties.pizza,available,17.99,64.99,medium,low,4,namesilo,,,17/09/2026 21:46
41315692-c9b8-4767-8dc2-4faba5fae59b,stephens.pizza,available,17.99,64.99,high,low,8,namesilo,,,25/09/2026 15:57
0378a043-bf26-4b41-8868-4774ef6e99fb,diving.pizza,available,5.38,51.95,high,low,6,spaceship,,,29/09/2026 16:25
a1a27d0c-1736-4603-831e-bd17cebd9315,thalassic.pizza,available,5.98,83.98,medium,low,9,namecheap,,,11/09/2026 12:22
8f1f69a9-951b-4ccd-946c-967ac62df91e,variegate.pizza,available,5.98,83.98,medium,low,9,namecheap,,,25/08/2026 08:26
dbd4c0cc-f3c8-4db5-a1fb-c718e40a71e2,litoral.pizza,available,5.98,83.98,medium,low,7,namecheap,,,24/08/2026 07:36
8364525a-46b0-4f8a-8d0b-fdd9fe99256a,colleague.pizza,available,17.99,64.99,high,low,9,namesilo,,,24/09/2026 16:08
cb68ad33-2e0e-424e-bd6e-a52554238e94,parvenu.pizza,available,5.98,83.98,medium,low,7,namecheap,,,03/09/2026 22:14
5623312c-07e6-408d-ba5b-143043e3dfe1,entrant.pizza,available,5.98,83.98,medium,low,7,namecheap,,,18/08/2026 07:36
03e979d5-c9d8-4eb7-b507-293161d586cf,kale.pizza,available,5.98,83.98,high,low,4,namecheap,,,24/09/2026 06:48
c49586d7-e87a-4fc9-8f2c-edf8fd166f3f,addressed.pizza,available,5.98,83.98,high,low,9,namecheap,,,
4eae2d50-d176-4e0f-8229-137ccdb194a3,slavonic.pizza,available,5.98,83.98,high,low,8,namecheap,,,10/09/2026 10:34
cf425667-3c03-475c-ad32-c8ca8a328f81,hus.pizza,available,17.99,64.99,high,low,3,namesilo,,,30/09/2026 10:11
e1f5dea8-c706-495f-a6b2-b742a2c46506,benz.pizza,available,5.38,51.95,high,low,4,spaceship,,,29/09/2026 14:58
ac91c79a-bf10-4498-8036-7f370e81037d,movable.pizza,available,5.98,83.98,high,low,7,namecheap,,,25/08/2026 08:56